FILE NO,FILE NAME,CURRENT,RECORD,COMPLETED,REMARK,
,,,,,,
C-1,"HILL TOP AMRAVAN-MANDANGAD (CHEMBUR, MUMBRA)",,RECORD,,G - 1,
,,,,,,
TC-2,TMC- WATER DEPT (OLD FILE NAME - GODAY),,RECORD,,G - 4,
,,,,,,
TC-3A,TMC- THIRD FLOOR - P.W.D.,,RECORD,,G - 4,
,,,,,,
TC- 3,TMC- THIRD FLOOR- TOILET BLOCK  (OLD FILE NAME - MADHUBAN),,RECORD,,G - 4,
,,,,,,
C-4,A-1 (ISHKRIPA),,,,,R 1
,MADHUBAN,,,COMPLETED,G - 1,
,ISH-DOC,,,COMPLETED,G - 1,
,DRAWING,,,COMPLETED,G - 1,
,,,,,,
C-5,APPA SAMANT-RABALE,,RECORD,,G - 1,
,,,,,,
TC-6,TOWN DEVELOPMENT DEPT. (TDD) (OLD FILE NAME- BHALUMAMA),,RECORD,,G - 4,
,,,,,,
TC-7,"TMC- KAUSA MARKET (OLD FILE NAME-DESAI KAMUBHAI,CONOVAL)",,RECORD,,G - 4,
,,,,,,
TC-8,GADKARI  RANGAYATAN (OLD FILE NAME - LALYA),,RECORD,,G- 4,
,,,,,,
C-9,H.S. DESAI,,,,CANCELLED & DES,
,,,,,,
C-10,SUVIDHA SHAUCHALAY (BHIMNAGAR),,,COMPLETED,G - 1,
,,,,,,
C-11,SUVIDHA SHAUCHALAY (VARTAKNAGAR),,,COMPLETED,G - 1,
,,,,,,
TC-12,TRUCK TERMINAL (OLD FILE NAME - JASTHA),,RECORD,,G - 4,
,,,,,,
TC-13A,PARIVAHAN WAGLE ESTATE- INTERIOR,,,COMPLETED,G -6,
TC- 13B,PARIVAHAN WAGLE ESTATE,,,COMPLETED,G -6,
,,,,,,
C-14,RAJ- (TITVALA),,RECORD,,G - 1,
,,,,,,
C-15,PAWAR  PRASHANT,,,COMPLETED,G - 1,
,,,,,,
C-16,BODY RHYTHM (DR. JAIN),,,COMPLETED,G - 1,
,,,,,,
C-17,VISHRAM  HALL (MAHABALESHWAR),,RECORD,,G - 1,
,,,,,,
C-18,BHALCHANDRA SAWANT-166/1,,,,,
,,,,,,
C-19,KALURAM MHATRE-73/6,,RECORD,,G - 1,
,,,,,,
C-20,KAWALE,,RECORD,,G - 1,
,,,,,,
TC-21,DHYANASADHANA COLLEGE (OLD FILE NAME -MOHITE),,RECORD,,G - 4,
,,,,,,
C-22,SATHE- S.NO.270/TIKA NO.13,,RECORD,,G - 1,
,,,,,,
TC-23,PARIVAHAN BUS-STOP,,,COMPLETED,G - 1,
,,,,,,
TC-24,PARIVAHAN  TRAFIC BLDG,,,COMPLETED,G - 1,
,,,,,,
C-25A,KOKAN BOARD,,,COMPLETED,G - 1,
,,,,,,
C-25A,BHIMNAGAR KOKAN BHUVAN,,,COMPLETED,G - 1,
,,,,,,
C-26,SUMATI IND-PVT.LTD,,RECORD,,G - 1,
,,,,,,
C-27,DHURI,,,COMPLETED,G - 1,
,,,,,,
C-29,SHRIKANT KHATREE,,,COMPLETED,G - 1,
,,,,,,
C-30,L.S.BHONDVE,,,COMPLETED,G - 1,
,,,,,,
C-31,RAYMOND'S,,,COMPLETED,G - 1,
,,,,,,
C-32,STANDARD ENGINEER,,,,CANCELLED & DES,
,,,,,,
C-33,SAVIORY LAB,,,,NOT AVAILABLE,
,,,,,,
C-34,NAGOBACHI WADI,,,,NOT AVAILABLE,
,,,,,,
C-35,"MAMATA - C.T.S. No. 39B, T. No. 15, Baji Prabhu Deshpande Marg, Naupada, Thane ",,,,,
,A (CORROS.),CURRENT,,,,
,B  (CORROS.),CURRENT,,,,
,,,,,,
C-36,S.N. NIMBALKAR,,RECORD,,G - 1,
,,,,,,
C-37,M/S BELLARIS,,,COMPLETED,G - 1,
,,,,,,
C-38,ATHARVA,,,COMPLETED,G - 1,
,,,,,,
C-39A,ALLIED ENCLAVE,,,COMPLETED,G - 1,
C- 39B,ALLIED ENCLAVE (WORKING DRG.),,,COMPLETED,G - 1,
,,,,,,
C-40,DR. JADHAV,,,COMPLETED,G - 1,
,,,,,,
C-41A,DEVENDRANATH - KALWA,,,COMPLETED,G - 2,
C-41B,DEVENDRANATH,,,COMPLETED,G - 2,
,,,,,,
C-42,KAMLAKAR PATIL,,RECORD,,G - 1,
,,,,,,
C-43,D.T. PHADKE,,,COMPLETED,G - 2,
,,,,,,
C-44,ALMEIDA,,RECORD,,G - 1,
,,,,,,
C-45A,"A BADRI CHAWL - C.T. S. NO. 15, T. NO. 15, Veer Savarkar Path, Three Petrol Pump, Thane. ",CURRENT,,,2ND FLOOR LOFT,PL 1
,B DRAWING FILE,CURRENT,,,,
,C R.C.C. DRAWINGS,CURRENT,,,,
,,,,,,
C-46,B-DRAWING,,,,CANCELLED,
,JOGALEKAR,,,,,
,,,,,,
C-47,ARUN PRADHAN,,,COMPLETED,G - 2,
,,,,,,
C-48,MANGESH SALVI.,,RECORD,,G - 1,
,,,,,,
C-49,A.N. KHEDEKAR,,,COMPLETED,G - 2,
,,,,,,
C-50,R.S. DHAMODE/ PRAKASH NAIK,,RECORD,,G - 1,
,,,,,,
C-51,MANKAME,,,COMPLETED,G - 2,
,,,,,,
C-52B,GIRIDHAR SUDAMA,,,COMPLETED,G - 2,
,,,,,,
C-53,GHATKOPAR MANDIR COMPLEX,,,,CANCELLED & DES,
,,,,,,
C-54,P.S. DHOTRE,,,COMPLETED,G - 2,
,,,,,,
C-55,"ROYAL GARDEN - Survey No. 62/1, 63/A, 68/1 (Pt), 68/2 of village Kausa, Tal. & Dist. Thane.",,,,,PL 1
,A (CORROS.),CURRENT,,,,
,B (DRAW.),CURRENT,,,,
,B2 (DRAW.),CURRENT,,,,
,B3 (DRAW.),CURRENT,,,,
,B4(DRAW.),CURRENT,,,,
,,,,,,
C-56,MUKUND NIWAS,,,COMPLETED,G - 8,
,,,,,,
C-57,"PURI - Plot no. 45, R.S.C. 11, Panchpakhadi, Thane.",,,COMPLETED,G - 2,
,,,,,,
C-58,"PANKAJ THAKKR - Plot No. 2-15, R.S.C. 6 & 7,MHADA - Majiwade Scheme, Thane,",,,COMPLETED,G - 2,
,,,,,,
C-59,RAYMOND HOME,,,,CANCELLED & DES,
,,,,,,
C-60,"KACHARE - Plot No. 12, RSC - 4, MHADA Panchpakhadi Scheme, Thane.",,,COMPLETED,G - 2,
,,,,,,
C-61,MALHOTRA,,,,NOT AVAILABLE,
,,,,,,
C-62,"S.A. PATIL - Plot No. 87, R.S.C. 19, Pamchpakhadi, Thane.",,,COMPLETED,G - 2,
,,,,,,
C-63,"M.B. DURGAWALE - Plot No 86, R.SC 19, Panchpakhadi Mhada Scheme, Thane..",,,COMPLETED,G - 2,
,,,,,,
C-64,"SHRI KENI - Plot No. 38, R.S.C. 11, Mhada, Pamchpakhadi, Thane.",,,COMPLETED,G - 2,
,,,,,,
C-65,KOTAK,,,,NOT AVAILABLE,
,,,,,,
C-66,A)  RAM MANDIR TRUST,,,COMPLETED,G - 2,R1
,"B) FINAL PLOT 286 - PANCHPAKHADI, TAL. & DIST. THANE",CURRENT,,,,
,"C) FINAL PLOT 425 -T.P.S.NO.1,AT PANCHPAKHADI,TAL. & DIST. THANE",CURRENT,,,,
,"D) OM SAI SIDDHESHWAR CO-OP. HSG. SOCIETY, F.P. 425 THANE",CURRENT,,,,
,,,,,,
C-67,"R.P. JAYWANT - Plot No, 77, RSC 19, Mhada, Panchpakhadi, Thane..",,,COMPLETED,G - 2,
,,,,,,
C-68,"HASAN ISMAIL - Plot No. 76, R.S.C. 19, Mhada, Panchpakhadi Scheme, Thane. ",,,COMPLETED,G - 2,
,,,,,,
C-69,"KALKE- DHOBIALI - T.No. 10, CTS. 95, Dhobiali, Ali, Thane.",,RECORD,,G - 1,
,,,,,,
C-70,"GURUMURTHY - Plot No. 41, R.S.C. 11, Mhada, Panchpakhadi Scheme, Thane.",,,COMPLETED,G - 2,
,,,,,,
C-71,"TIRUMALA CONST. - S.No. 51, H.No. 8, Kalwa",,RECORD,,G - 1,
,,,,,,
TC-72,TMC- SETU,,,COMPLETED,G - 6,
,,,,,,
C-73,SMT. NUTAN THANEKAR,,,,CANCELLED,
,,,,,,
C-74,K.D.CATAWA,,,,NOT AVAILABLE,
,,,,,,
C-75,GARDEN –KENI,,,,NOT AVAILABLE,
,,,,,,
C-76,"KENI BUBERA - G.No. 84(Pt), Kharegaon Thane.",,RECORD,,G - 1,
,,,,,,
C-77,MATOSHRI  RAMABAI AMBEDKAR,,,,NOT AVAILABLE,
,,,,,,
C-78,"NARENDRA BHAI RATHOD (NAGHOTNE) - S.No. 127, H.No. 1B/2, Nagothane, Roha, Raigad",,RECORD,,G - 1,
,,,,,,
C-79,GALAXY BUILDER,,,,CANCELLED & DES,
,,,,,,
C-80,AMIT CO.OP HSG.SOC.,,,COMPLETED,G - 3,
,,,,,,
C-81,DHIRAJ SHAH (KOPOLI),,,,CANCELLED & DES,
,,,,,,
C-82,A.P.I.E,,RECORD,,G - 6,
,,,,,,
C-83,PRABHAT CO. OP. HSG. SOC (BHASKAR COLONY),,,,CANCELLED & DES,
,,,,,,
C-84,DR. REGE,,,COMPLETED,G - 3,PL 1
,,,,,,
C-85,ANAOKAR,,,COMPLETED,G - 3,
,,,,,,
TMC-86,SHIVAJI MAIDAN,,RECORD,,G - 4,
,,,,,,
C-87,BHADE (SHAHUPUR),,,,NOT AVAILABLE,
,,,,,,
TC-88,BABASAHEB AMBEDKAR SABHAGRUH,,,COMPLETED,G - 6,
,,,,,,
C-89,SAVANI BROS.,,,,CANCELLED & DES,
,,,,,,
C-90,ALLIED GARDEN,,,,CANCELLED & DES,
,,,,,,
C-91,NADKAR,,RECORD,,G - 1,
,,,,,,
C-92,WADWALKAR - PANCHPAKHADI,,,COMPLETED,G - 3,
,,,,,,
C-93,BHAGWAN  KENI  (R. PATIL),,RECORD,,G - 1,
,,,,,,
C-94,NARENDRA BHAI -,,RECORD,,G - 1,
,,,,,,
C-95,STONE INDIA,,RECORD,,G - 1,
,,,,,,
C-96,CHANDIWALA (KAUSA),,,COMPLETED,,
,,,,,,
C-97,RAJ PAREL,,RECORD,,G - 1,
,,,,,,
C-98,FALAH GROUP,,,COMPLETED,,
,A. DOCUMENT,,,,,
,B. DRAWING FILE,,,,G - 1,
,C. DRAWING FILE,,,,G - 1,
,,,,,,
C-99,PRABHU   (SHRIRANG SOC.),,,COMPLETED,G - 3,
,,,,,,
C-100,A (TIRUPATI  APRT.),,,COMPLETED,,PL 2
,B ( WORKING DRAW.),,,,G - 3,
,,,,,,
C-101,QUALITY CONSTRUCTION,,RECORD,,G - 1,
,,,,,,
C-102,SAMEER SHIRNGARPURE,,,COMPLETED,G - 3,
,,,,,,
C-103,A  KHAN (CHORAGE),,RECORD,,G - 6,
,B  KHAN COMM. (TIWARI),,RECORD,,G - 1,
,C. M.H. KHAN,,RECORD,,G - 1,
,,,,,,
C-104,"SALIL BARAI - C.T. S. No. 22(Pt.), Tika No. 22
At Ramwadi, Naupada, Thane
",,,,,PL 2
,A. DOCUMENT,CURRENT,,,,
,B. DRAWING FILE,CURRENT,,,,
,,,,,,
C-105,GURUDEV ENT.,,RECORD,,G - 1,
,,,,,,
C-106,DR. THANEKAR,,RECORD,,G - 1,PL 2
,,,,,,
C-107,"LIMAYE - JANAKI NIWAS - C.T.S. No. 43/6, T. No. 15, Ghantali Road, Naupada, Thane.",,COMPLETED,,,
,,,,,,
108,DADA MORE (SNHEHANKIT),,RECORD,,G - 5,PL 2
,,,,,,
109,SAMANTWADI (UTHALSAR),CURRENT,,,,PL 2
,,,,,,
C-110,MADANBUWA NAIK (KHETAN),,RECORD,,G - 1,
,,,,,,
C-111,SWAMI SAMARTH,,,COMPLETED,G - 8,
,,,,,,
C-112,KAKAD,,RECORD,,,
,,,,,,
C-113,TULASHIDAS KULKARNI- BHIDE,,RECORD,,G - 2,
,,,,,,
,,,,,,
C-114,CHANDRAHAS SHETTY (MANGLORE),,RECORD,,G - 2,
,,,,,,
C-115,"PURANIK  BUILDERS (KANCHANPUSHPA) -          S. No. 195/1,3 , 196, 197 , 198 situated at village Kavesar, Tal. & Dist. Thane.",CURRENT,,,,
,,,,,,
C-116,ANSARI- (BHIWANDI),,,,NOT AVAILABLE,
,,,,,,
C-117,SHRI- GUPTA,,RECORD,,G - 2,
,,,,,,
C-118,BRIGHT CONSTRUCTION,,,COMPLETED,G - 2,
,,,,,,
C-119,BIPIN CHITRE,,,COMPLETED,G - 8,
,,,,,,
C-120,MANSUKH BARAI (NARALWALA CHWAL),,,,CANCELLED,
,,,,,,
C-121,RAJU SALVI,,RECORD,,G - 2,
,,,,,,
C-122,GHODKE (MHADA),,,,RETURNED,
,,,,,,
C-123,DR.  ARSHAD DAIS,,,,NOT AVAILABLE,
,,,,,,
C-124,PRERNA CHEMICALS,,,COMPLETED,G - 3,
,,,,,,
C-125,DEVIDAYAL,,,,,
,A (K. AGARWAL),,,,NOT AVAILABLE,
,B (DOCUMENT),,,,,
,C (DOCUMENT),,,,,
,D (CORS.WITH DEPT.& CLIENT),,,,,
,E (DRG. FROM ABHIKALPAN) UNNATHI CLIFF -1,,,,,
,G1 (COSMOS) DRAWING FILE,,,,,
,G2 (COSMOS PARADISE)- DRAWING FILE,,,,,
,H (SUDHA BHAI BUNGLOW),,,,,
,I -A  (SURYA)   DRAWING FILE,,,,,
,I -B  (SURYA)   DOCUMENT,,,,,
,SANCTIONED MUNICIPAL DRAWINGS,,,,,
,DOCUMENTS (C.F.O. N.O.C.),,,,,
,,,,,,
C-126,AITAWADEKAR,,,COMPLETED,G - 3,
,,,,,,
C-127,BHALU MAMA,,RECORD,,G - 2,
,,,,,,
C-128,M.E.I. EMPLOYEES UNION (KALWA),,RECORD,,G - 2,
,,,,,,
C-129,PARERA   (UTHALSAR),,,COMPLETED,G - 5,
,,,,,,
C-130,STATE TRANSPORT,,RECORD,,G - 2,
,,,,,,
TC-131,KISAN NAGAR SCHOOL,,,,,
,A (SCHOOL NO.1),,,COMPLETED,G - 7,
,B  (WORKING DRAW.),,,COMPLETED,G - 7,
,C  (CONTRACTORS  BILL),,,COMPLETED,G - 7,
,D (3 RD  FLR.),,,COMPLETED,G - 7,
,,,,,,
C-132,HOTEL SHELTER,,,,NOT AVAILABLE,
,,,,,,
C-133,KHED BUNGLOW,,,COMPLETED,G - 3,
,,,,,,
C-134,KONKAN BOARD (MANPADA),CURRENT,,,,
,,,,,,
C-135,MHADA MUMBAI,,,,CABIN,
,,,,,,
C-136,T.M.MEHANDALE,,,COMPLETED,G - 3,
,,,,,,
C-137,PYARELAL JAIN (ALIBAG),,,,CANCELLED,
,,,,,,
C-138,RAJU NIMKAR,,RECORD,,G - 2,
,,,,,,
C-139,GAURI (KALWA),,RECORD,,G - 2,
,,,,,,
C-140,MUSALE GANPATIPULE,,,COMPLETED,G - 4,
,,,,,,
C-141,KISAN HOTEL JODHAPUR,,RECORD,,G - 2,
,,,,,,
C-142,PREM NAGAR,,,,NOT AVAILABLE,
,,,,,,
C-143,MAYUR CO. HSG.SOC.,,,,,
,A  (MAYUR CO. HSG. SOC.),,,COMPLETED,G - 5,
,B  (WORKING DRAWING),,,COMPLETED,G - 5,
,,,,,,
C-144,A  MODELA WOOLEN MILLS (DOC.),CURRENT,,,,R1 to R2
,B  MODELA WOOLEN MILLS (CORS.),CURRENT,,,,
,"DOCUMENTS - 1,2,3 ",,,,,
,MMRDA - 2,,,,,
,MOEF - 1,,,,,
,CORRESPONDENCE WITH CLIENT-1,,,,,
,CORRESPONDENCE WITH DEPT-1,,,,,
,DRG - 2,,,,,
,,,,,,
TC-145,"SIDDHACHAL SCHOOL - Majiwade, Thane ",,,,,PL 2
,A,,,COMPLETED,G - 7,
,B (EXTENSION),CURRENT,,,,
,,,,,,
C-146,WADKO PACKAGING,,RECORD,,G - 2,
,,,,,,
C-147,"LAVENIA GHODAKE- SHAMPRAT  MHATRE - C.T.S. No.43A/1, T. No 15 at Naupada, Thane ",,RECORD,,,PL 2
,,,,,,
C-148,KAMLAKAR PATIL,,RECORD,,G - 2,
,,,,,,
C-149,THANA TIMBAR MART,,,,CANCELED,
,,,,,,
C-150,DURGA SADAN,,,COMPLETED,G - 3,
,,,,,,
C-151,NOMAN ALI (BHIWANDI),,,,NOT AVAILABLE,
,,,,,,
C-152,DANDEKAR,,2ND FLOOR LOFT,COMPLETED,G -5,
,,,,,,
C-153,MUMBRA CHURCH,,,,NOT AVAILABLE,
,,,,,,
C-154,RUBA SOCIETY,,,COMPLETED,G - 4,
,,,,,,
TC-155,T.M.C. SWIMMING POOL(MAROTRAO SHINDE)(269),,,COMPLETED,G - 7,
,,,,,,
C-156,ARUN JOSHI (BUNGLOW),,,,CANCELLED,
,,,,,,
C-157,NATION  INSURANCE,,,,TRANSFER,
,,,,,,
C-158,TAWATE- T.D.R.,,RECORD,,G - 2,
,,,,,,
C-159,BHAI  PATIL,,RECORD,,G - 2,
,,,,,,
C-160,PAPER PRODUCTS,,RECORD,,G - 2,
,,,,,,
C-161,PRAKASH SAWANT (KARNAWAT),,RECORD,,G - 2,
,,,,,,
C-162,LOHAR ALI,,,,NOT AVAILABLE,
,,,,,,
C-163,"KOHINOOR CORNER CTS NO.300, TIKA NO.2 CHENDANI, THANE",,RECORD,,,R4
,,,,,,
TC-164,T.M.C RAUT SCHOOL,,,COMPLETED,G - 7,
,,,,,,
C-165,RAJAN PARAB,,,,CANCELLED,
,,,,,,
TC-166,TRANSIT CAMP,,,COMPLETED,G - 7,
,,,,,,
C-167,"NEELKANTH WOOD - MULLA BAG (DHANJIBHAI) - S.No. 312(Pt.), 313, 314, 315, 317, 318(Pt.), 319(Pt.), 321(Pt.) village Majiwade,  
Sector IV, Tal & Dist. Thane 
",,,,,R2 to R3 to R4
,A-DOCUMENT,CURRENT,,,,
,B-T.D.R.,CURRENT,,,,
,C1-DRAWING FROM HAFEEZ CONTRACTOR,CURRENT,,,,
,C2-DRAWING FROM HAFEEZ CONTRACTOR,CURRENT,,,,
,D- MULLA 7/12,CURRENT,,,,
,E- DRAWING FROM N.G. DHANGIBHAI,CURRENT,,,,
,N,,,,,
,,,,,,
C-168,STEEL STRONG,,,COMPLETED,G - 4,
,,,,,,
C-169,"KESHAV BHOIR - S. No. 89/ 11(Pt) old S. No. 168/ 11A (new) at Balkum, Thane
",CURRENT,,,,R4
,,,,,,
C-170,BHARAI DEVELOPERS,,RECORD,,G - 2,
,,,,,,
TMC-171,HAJURI SCHOOL,,RECORD,,G - 4,
,,,,,,
TMC-172,FISH MARKET,,RECORD,,G - 4,
,,,,,,
C-173,SAVARKAR NAGAR,,,COMPLETED,G - 4,
,,,,,,
C-174,DILIP PAWAR,,,COMPLETED,G -4,
,,,,,,
C-175,NAVRANGE,,,COMPLETED,G - 5,
,,,,,,
C-176,SURYA-AG. TRUST,,RECORD,,,
,,,,,,
C-177,ASHOK WADWALKAR,,RECORD,,G - 5,
,,,,,,
C-178,ARORA,,,,CANCELLED,
,,,,,,
C-179,GHAISAS,,,COMPLETED,G - 5,
,,,,,,
C-180,PANSARE,,,COMPLETED,,
,,,,,,
C-181,"ANSARI KHAN-VAIR - C.T.S. No.482, 483, 484, 485, 486 Village - Majiwade",,RECORD,,,
,,,,,,
TMC-182,BRIDGE - JAMBHALI NAKA,,RECORD,,G - 4,
,,,,,,
C-183,MAYEKAR,,RECORD,,G -2,
,,,,,,
C-184,DESHPANDE-ROW HOUSE,,RECORD,,G - 3,
,,,,,,
C-185,VIJAY CHAVAN,,RECORD,,G - 3,
,,,,,,
TMC-186,CLOTH MARKET ( TI - 72),,,COMPLETED,G - 7,
,,,,,,
C-187,"GOLDEN PARK-S. No. 36A/1, 36B/2, 37A/1 Village – Panchpakhadi",,,,,R4
,A.  DOCUMENT,CURRENT,,,,
,B. DOCUMENT,CURRENT,,,,
,C. DRAWING FILE,CURRENT,,,,
,D. CORR. WITH DEPARTMENT & CLIENT,CURRENT,,,,
,E. TYPE 'D' (TOWER),CURRENT,,,,
,,,,,,
C-188,"JAMNADAS- SATGURU GARDEN - S. No. 191, 192A Village – Kavesar, Thane",,,,,PL 2
,A  DRG.,,,COMPLETED,,
,B  DOC.,,,,,
,,,,,,
C-189,BHADE,,RECORD,,G - 3,
,,,,,,
C-190,GALA,,,,RETURNED,
,,,,,,
C-191,ASHOK  MADRECHA,,,COMPLETED,G - 4,
,,,,,,
C-192,WARD OFFICE (VEDANT),,,,,
,A- CIVIL WORK,,,COMPLETED,G - 6,
,B- INTERIOR FILE,,,,,
,,,,,,
C-193,"DADA PATIL - Tika No. 24,  C.S. No. 21/ B, at Gokhale Road, Naupada, Thane
",CURRENT,,,,R4
,,,,,,
C-194,VIKAS PATIL,,,COMPLETED,G - 4,
,,,,,,
TMC-195,HEALTH CENTRE (ASHOK VAITY),,,COMPLETED,G - 6,
,,,,,,
TMC-196,KALWA SWIIMMING POOL,,,COMPLETED,G - 6,
,,,,,,
C-197,"SHILPAKAR DOC. S.No. 8, Hissa No. 1, 2, 3, 5, 6, 7, 8, 9, 12, 16, 17, 18, 19, 20, 21, 22, 23, 25 & S. No. 10 H. No.1 of village Bhawale, Tal. Bhiwandi.",,,,,
,A  WORKING DRG.,,,COMPLETED,,
,B  WORKING DRG.,,,,,
,,,,,,
TMC-199,UPVAN RESTAURANT,,,COMPLETED,G - 6,
,,,,,,
C-200,PATKAR- SHAHAPUR,,RECORD,,G - 3,
,,,,,,
C-201,STANDARD FIRE WORK,,RECORD,,G - 3,
,,,,,,
C-202,MUMBADEVI CO. OP.HSG. (CHEMBUR),,,,NOT  AVAILABLE,
,,,,,,
C-203,SANJAY  MORE - PADWAL NAGAR,,RECORD,,G - 4,
,,,,,,
TMC-204,MISSILE,,,COMPLETED,G - 6,
,,,,,,
TMC-205,RABODI SCHOOL-(TMC),,,COMPLETED,G - 6,
,,,,,,
TMC-206,BALWADI (VARTAK NAGAR),,RECORD,,G - 4,
,,,,,,
TMC-207,SUBHASH NAGAR- HEALTH CENTRE,CURRENT,,,,
,,,,,,
TMC-208,CITY ENGINEER (BUNGLOW),,RECORD,,G - 4,
,,,,,,
TMC-209,KALWA HOSPITAL,,,,,
,A  DOC.,,RECORD,,G - 4,
,B  CORRS.,,RECORD,,G - 4,
,C  REPAIRING WORK,,RECORD,,G - 4,
,,,,,,
C-210,LAXMI CO. OP. HSG. SOC.  (MAJIWADE),,RECORD,,,
,,,,,,
C-211,KANHAYYA KATARIYA,,RECORD,,G - 6,
,,,,,,
C-212,SHAH STONE - NAUPADA GODOWN,CURRENT,,,2ND FLOOR LOFT,PL 3
,,,,,,
C-213,"PUNMIYA MEHATA - S. No. 95, Hissa No. 4  village Majiwade, Tal. & Dist. Thane ",CURRENT,,,,
,,,,,,
C-214,GHOLAP  ROHA,,RECORD,,G - 3,
,,,,,,
TC-215,PISE - TMC,,RECORD,,G - 4,
,,,,,,
C-216,"RAGHUNATH SADAN - C.T.S. No. 290 to 304,  Tika No. 10, Bhaskar Colony,  Naupada, Thane",CURRENT,,,,
,,,,,,
C-217,G.N. GUPTE,,RECORD,,G - 3,
,,,,,,
C-218,GAVLI-KAMBLE,,,COMPLETED,G - 5,
,,,,,,
C-219,MUKUND GODBOLE - ROW HOUSE,,RECORD,,G - 3,
,,,,,,
C-220,"HARI NIWAS-DAMLE - C.T.S. No. 862 to 
865, T.No.11, at Brahman Society, Naupada, Thane.
",,,COMPLETED,,
,,,,,,
C-221,JIK- BALKUM,CURRENT,,,,R5
,,,,,,
C-222,SUDHIR KORHALE,,RECORD,,G - 3,
,,,,,,
C-223,B.D.AGARWAL,,RECORD,,G - 3,
,,,,,,
C-224,SUKHADEO,,,,FILE RETURNED,
,,,,,,
C-225,"SAMANTWADI - C.T.S. No. 49, Uthalsar, Thane",,,COMPLETED,,
,,,,,,
C-226,ULHAS DESHMUKH (AIROLI),,,COMPLETED,G - 8,
,,,,,,
C-227,PALISHETH BORLI,,RECORD,,G - 3,
,,,,,,
TC-228,T.MC. SCHOOL- MEASUREMENT,,RECORD,,G - 4,
,,,,,,
C-229,KAVALJIT SINGH (SACHDEVBHATSAI),,RECORD,,G - 3,
,,,,,,
C-230,MATHURE,,,COMPLETED,G - 6,
,,,,,,
C-231,RANDIVE,,,COMPLETED,,
,,,,,,
C-232,VAIDYA BHANDARALI,,,COMPLETED,G - 5,
,,,,,,
TC-233,KOPARI BRIDGE,,RECORD,,G - 4,
,,,,,,
C-234,S.S.S.R.M BALKUM  (KAVAYADHARA),,,,,
,A  DRG.,,,COMPLETED,,
,B  DOC.,,,COMPLETED,,
,,,,,,
C-235,TIRUPATI (AMENITY),,,COMPLETED,,
,,,,,,
C-236,VARE,,,COMPLETED,,
,,,,,,
C-237,KAUSA TRUST,,RECORD,,G - 3,
,,,,,,
C-238,"MEDHEKAR - plot no. 18, C.T.S. No. 659, village Naupada, Thane.",CURRENT,,,,
,,,,,,
C-239,MAHAL BUILDING,CURRENT,,,,
,,,,,,
C-240,"ARORA -G.NO. 29,30,31/1, Chitalsar - Manpada, Kolshet Road, Thane. ",CURRENT,,,,
C-240 A,ARORA - JOYVILLA KOLSHET,CURRENT,,,,
,,,,,,
,,,,,,
C-241,DHAMODE,,RECORD,,G - 3,
,,,,,,
C-242,VANDANA SOC. (NEW),,RECORD,,G - 6,R5
,,,,,,
C-243,"LOKMANYA SOC.- PLOT NO. 360-A, C.T.S. NO. 110/A-3, TIKA NO. 12-D, Panchpakhadi, Thane. ",,,COMPLETED,,
,,,,,,
C-244,HOTEL JALAJA,,RECORD,,G - 6,
,,,,,,
TC-245,TMC- OCTROI DEPT.,,RECORD,,G - 4,
,,,,,,
C-246,CHESS BRIGHT,,RECORD,,G - 3,
,,,,,,
C-247,"INDIAN LEAD LTD.S.- No. 31/1, Village – Panchpakhadi, S. No. 97/1, 97/2, 97/3, 97/5 Village Majiwade",,,COMPLETED,,R5
,A  M/S I.LEAD,,,,,
,B  DRG.,,,,,
,C  FACTORY BUILDING,,,,G - 3,
,,,,,,
C-248,ARD,,,COMPLETED,,
,,,,,,
C-249,VITTHAL MANDIR,,,,G-3 DESTROYED,
,,,,,,
C-250,BHAL CHANDRA LAB.,,RECORD,,G - 6,
,,,,,,
C-251,"MANAS DEVELOPERS - C.T.S.No. 118/B, T.P.II, Naupada, Thane.",CURRENT,,,,
,,,,,,
C-252,"CHITNIS GHANTALI - C.T.S. No. 74A, T. No.16, Sambhaji Path, Naupada, Thane",CURRENT,,,,
,,,,,,
C-253,KESARKAR,,,COMPLETED,G - 8,
,,,,,,
C-254,"JOSHI THAKUR - C.T.S. No. 47/B, Tika No. 16, village Naupada, Thane ",CURRENT,,,,
,,,,,,
C-255,"ASHAR VENTURES  - MASTER FILE G.No. 32, H.No. 1, 2, Chitalsar Manpada, Thane.",CURRENT,,,,
,A) BUILDING PROPOSAL,,,,,
,B) GHODBUNDER ROAD - T.D.R,,,,,
,,,,,,
C-256,ICEM ENG.,,RECORD,,G - 3,
,,,,,,
C-257,A- THE PAPER PRODUCTS,,RECORD,,G - 6,R5
,B- THE PAPER PRODUCTS (T.D.R.),,,,,
,,,,,,
C-258,"GODBOLE - AMAR THAKUR - C.T.S. No. 23 Tika No. 10 situated at Naupada, Thane",,,COMPLETED,,
,,,,,,
C-259,"SHAMPRAT MHARTE- GADGIL - C.T.S.No. 84 & 88, Tika No.12 Charai, Thane.
",,,COMPLETED,,
,,,,,,
C-260,KAUSA- MASJID TRUST,,RECORD,,G - 6,
,,,,,,
C-261,NIMKAR- CTS NO. 31,,,COMPLETED,,
,,,,,,
TC-262,GHANTALI RANGMACH,,,COMPLETED,G - 6,
,,,,,,
C-263,A  STEM,CURRENT,,,,
,,,,,,
C-264,PATHARE   ( BORIVALI ),,,,NOT AVAILABLE,
,,,,,,
C-265,PATHARE  ( BORIVALI ),,,,NOT AVAILABLE,
,,,,,,
C-266,MUKADAM BUILDING,,RECORD,,G - 5,
,,,,,,
C-267,KAKAD (MHADA)-MULUND,,,,CANCELLED,
,,,,,,
C-268,PITRU CHHAYA CO.OP.HSG.SOC.,,RECORD,,,
,,,,,,
TC-269,LIBARY- NAJIBMULLA,,,COMPLETED,G - 6,
,,,,,,
C-270,DESHPANDE,,,COMPLETED,,
,,,,,,
TC-271,SHANKAR MANDIR,,,,,
,,,,,,
C-272,D. DAYABHAI & CO. TDR.A,,,COMPLETED,,
,,,,,,
C-273,BAYER WORK ORDERS,,,,CABIN,
,,,,,,
C-274,MOHAMAD ANSARI,,,COMPLETED,,
,,,,,,
C-275,RISK CARE HOSPITAL,,RECORD,,G - 5,
,,,,,,
C-276,"MAHENDRA PUNAMIYA - S. No. 95, Hissa No. 4 situated at village Majiwade, Tal. & Dist. Thane ",CURRENT,,,,
,,,,,,
C-277,JADHAV BUNGLOW (RATNAGIRI),,RECORD,,G - 5,
,,,,,,
TC-278,SANDEEP SHIKRE/ MULLA PARK,CURRENT,,,,
,,,,,,
C-279,DIVEKAR - CHANDRAHAS SHETTY,CURRENT,,,,
,,,,,,
C-280,"LIVING WATER MISSION - Gut. No. 59, Hissa No.28, at village Chitalsar Manpada, Sector IV, Tal. & Dist. Thane",CURRENT,,,,R5
,,,,,,
C-281,JANARDAN,CURRENT,,,,
,,,,,,
C-282,RAUNAK -II (KAVESAR),,RECORD,,,
,,,,,,
C-283,RAUNAK -II (KOLSHET),,RECORD,,,
,,,,,,
C-284,KETKAR BROTHERS,,RECORD,,,
,,,,,,
C-285,VAIJAYANTI JOSHI,,,COMPLETED,,
,,,,,,
C-286,RANADE,,,COMPLETED,,
,,,,,,
C-287,"ANWAR KASAM - S. No. 101/9D, 102/7/1,  102/8, 102/9, 102/10/1, 102/11/1, 104/19/1 situated at village Majiwade. ",,,COMPLETED,,
,,,,,,
C-288,"SHAKUNTALA SHINDE - 93/15, 95/11, 96/6 village Majiwade, Sector II, Tal. & Dist. Thane ",,,COMPLETED,,
,,,,,,
C-289,"SHREE DEVELOPERS (SHRUSHTI AVENUE) - C.T.S. No.3, Tika No.13, Edulji road,  Charai, Thane.",,,COMPLETED,,
,,,,,,
C-290,DR. CHAUBAL,CURRENT,,,,
,,,,,,
C-291,STAR  HOTEL,,,COMPLETED,,
,,,,,,
C-292,SHREE  SONALKAR,CURRENT,,,,
,,,,,,
C-293,"LOKPURAM - S.No. 165, 166(1), 166(1A), 167(3), 167(4),167(5),167(6),168(2),168(3) 168 (4), 168(7), 169(2), 170(1), 170(3), 307(2) , 342(pt) at Village Majiwade, Tal. & Dist. Thane.
",CURRENT,,,,
,A- DOCUMENT,,,,,
,B- DRAWING,,,,,
,C- LOKVRUKSHA,,,,,
,,,,,,
C-294,"BATA COMPOUND - S. No. 88/4, 90/2  at Panchpakhadi, Thane ",,,,,R6
,A. BLDG. PROPOSAL,,,,,
,B. SECONDARY SCHOOL RESERVATION,,,,,
,C. MUNICIPAL COMMISSIONER BUNGLOW,CURRENT,,,,
,,,,,,
C-295,PRABHAT THEATRE (SWAROOP KULKARNI),,RECORD,,G - 6,
,,,,,,
C-296,SUNIL GUPTA (KHETARPAL),,,COMPLETED,,
,,,,,,
C-297,MERRY DESOUZA - DHARMESH BHAT,,RECORD,,,
,,,,,,
C-298,NIZAR KASAM,,RECORD,,,
,,,,,,
C-299,HARISH GOHIL,,RECORD,,,
,,,,,,
C-300,YUSUF MUKADDAM,,RECORD,,,
,,,,,,
C-301,M/S RISE BUILDERS,,RECORD,,,
,,,,,,
C-302,"DANDEKAR - HANSRAJBHAI - C.T.S. No. 27, 30-A, 30-B, T.No. 16 At Village  Panchpakhadi & Naupada,  Thane",,,COMPLETED,2ND FLOOR LOFT,
,,,,,,
C-303,"S. N. JOSHI - C.T.S. No.63A/1A, Tikka No. 22 Gokhale Road, Thane GANESH KRUPA - DEEPAK SANE",CURRENT,,,,R6
,,,,,,
C-304,SAMADHAN BUILDING,,,COMPLETED,,
,,,,,,
C-305,VINOD PATIL,,RECORD,,G - 5,
,,,,,,
C-306,"ANWAR KASAM (OWLA) - S.No. 162/6(pt), Ghodbunder road, Owla, Thane.",,RECORD,,G - 5,
,,,,,,
C-307,"JANARDAN BHOIR - S.No. 54 (F), 57Dhokali, Thane.",CURRENT,,,,
,,,,,,
C-308,"THDC LTD. -A (DRG PROPOSAL) - S.No. 173/2, 4,5,6 ; 174/ 2 ; 176/2,3 & 342(pt) of Village Majiwade, Tal. & Dist. Thane
",CURRENT,,,,R6
,THDC LTD. - B (T . D. R.),CURRENT,,,,
,,,,,,
C-309,"PIYUSH SHAH -T. D. R. - S.No.105, Hissa No.3, at village Kavesar, Sector VI , Tal. & Dist. Thane",CURRENT,,,,
,,,,,,
C-310,RAWAL ENTERPRISES,CURRENT,,,,R6
,,,,,,
C-311,SHAMPRAT MHATRE (BORIVDE),,RECORD,,G - 5,
,,,,,,
C-312,"AMAR JYOTI CO-OP HSG. SOC. - T.P.S. No. 1, Final Plot No. 254, 256, 257, Panchpakhadi, Thane.",,,,G - 5,R6
,,,,,,
C-313A,"TRANSIT CAMP - S.No. 52/1/1, 52/8, 53/1, 53/2/1 at Village Majiwade, Sector II, Thane. ",CURRENT,,,,R6
C- 313B,"TRANSIT CAMP - S.NO. 52-6, 52-1-9, 52-1-8",CURRENT,,,,
,,,,,,
C-314,"PANDURANG VAIDYA- C.T.S. No. 296 C, T.No. 3, Vitthal Mandir Gally, Chendani, Station Road, Thane",CURRENT,,,,PL 3
,,,,,,
C-315,"ANGEL PARADISE-C. T. S. No.109/4, Tika No.12 , Veer Savarkar Marg,  Thane.",,,COMPLETED,,R6
,,,,,,
C-316,INDIAN LEAD  (WADA),,RECORD,,G - 6,
,,,,,,
C-317,LANDSCAPE DETAILS,,RECORD,,,
,,,,,,
C-318,"RAJESH JADHAV (T.D.R.) -C.S.No. 1676 & 1679 at village Chendani, Thane (E.)",CURRENT,,,,
,,,,,,
TC-319,LOKMANYA GARDEN,CURRENT,,,,
,,,,,,
C-320,"COSMOS LOUNGE -Gut No. 59A G/1, 2G/2, 2H, 16 B-2 ½ /1, 16B -2 ½ /2, & 16B – 2 ½ /3 at village Chitalsar Manpada , Taluka & District  Thane. 
",CURRENT,,,,
,,,,,,
C-321,KOKAN HOUSING & AREA DEVPT. MHADA,RECORD,,,,PL 3
,,,,,,
C-322,UDAY KOTHARE - NAIK WADI,RECORD,,,,
,,,,,,
TC-323,MAHATMA PHULE GYMNASIUM,CURRENT,,,,
,,,,,,
C-324,INDIAN SMELTING,,RECORD,,G - 5,
,,,,,,
C-325- A,NAROTTAM NAGAR   CO-OP HSG. SOC.,CURRENT,,,,R7
,,,,,,
C-325- B,MITTAL SONKHAR,,,,,R7
,,,,,,
C-325 - C,NAROTTAM NAGAR A.R. POLICY,,,,,
,,,,,,
C-326,"RATNADEEP BLDG.- C.S. No. 43/a,  T. No. 15  at Naupada. Thane ",CURRENT,,,,PL 3
,,,,,,
C-327,"SHRI DEHERKAR -lot No. A/5, A/6, Wagle Industrial   Estate, Thane ",RECORD,,,,
,,,,,,
C-328,ANAND SAGAR  A & B,CURRENT,,,,PL 3
,,,,,,
C-329,"SHRI RIKAME -C.T.S. No. 1425 at village Wada, Tal. Wada, Dist. Thane",,RECORD,,,
,,,,,,
C-330,BHAIRAV LIFESTYLES (MADAN JAIN) A & B,,RECORD,,,
,,,,,,
C - 331,"A.C.C.- C.T.S. No. 188(Pt), Plot B, at village Naupada, Thane",CURRENT,,,,R7 to R8
,Document 1,,,,,
,Document 2,,,,,
,Sanctioned documents - I,,,,,
,Sanctioned documents - II,,,,,
,"O.C. documents, CFO NOC, STP, SWD NOC",,,,,
,Correspondence - Dept.,,,,,
,Correspondence - Client,,,,,
,Scheme Drg,,,,,
,WD- Bldg II,,,,,
,Club house podium,,,,,
,Bldg I,,,,,
,ACC Campus - documents,,,,,
,Correspondence,,,,,
,,,,,,
,A.C.C. - Amenity Open Space TDR,CURRENT,,,,
,,,,,,
C - 332,"LIMAYE (SULAKSHANA BHANUSHALI) -C.T.S. No. 43/6, T. No. 15, at Ghantali, Thane",RECORD,,,,
,,,,,,
C - 333,"NEELKANTH GREEN -S.No. 312 (Pt), 316(Pt), 318(Pt), 319(Pt), at village Majiwade, Tal & Dist. Thane",CURRENT,,,,
,"DOCUMENT - 1,2,3,4",,,,,
,"SANCTIONED DOC. DRG.- 1,2",,,,,
,"NOC -OC DOCUMENTS - 1,2",,,,,
,CORRESPONDENCE DEPT -1,,,,,
,CORRESPONDENCE CLIENT -1,,,,,
,CHALLANS & CERTIFICATES - 1,,,,,
,DRAWINGS,,,,,
,NW - NG - NA,,,,,
,DEPARTMENT - 2,,,,,
,,,,,,
C-334,"GANGA PRASAD- C.T.S.No. 96, Tika No. 15, Ram Ganesh Gadkari Path, Panchpakhadi, Thane",,,COMPLETED,,
,,,,,,
C- 335,"TANPURE HOUSE - C.T.S No.222 & 224, 
Tika No.13 Charai, Thane
",,,,RETURN,
,,,,,,
C-336,"DIWAKAR RAWTE -C.T.S. No. 9A, Tika No.8 situated at Uthalsar, Thane ",,RECORD,,G - 5,
,,,,,,
C-337,"DR. KATARIA - C.T.S. No. 135 out of  Survey 
No. 26 , Hissa 3 and 6 situated  at :- Mulund  ( East ) Mumbai 
",,RECORD,,,
,,,,,,
C-338,MOURYA LALITBHAI - S.No. 232/3A of village Majiwade Tal. &  Dis.Thane.,,RECORD,,,
,,,,,,
C-339,"SHRI MORE - OVLA - Old S. No. 87, H. No. 3(Pt), New S. No. 117/3A, 117/3B, 117/3C, 117/3D at village Owale, Ghodbunder Road, Thane.",,,,5th FLOOR LOFT,
,,,,,,
C-340,"HANSRAJBHAI  - PANDURANG  NIWAS - Tika No. 21, C.T.S. No. 64/B/4, Village Naupada, Thane
",,,COMPLETED,,
,,,,,,
C- 341,NARENDRABHAI RATHOD (PEN),,RECORD,,,
,,,,,,
C- 342,SUKHSHANTI HITECH AGRO - RAMDAS SHINDE,,RECORD,,G - 5,
,,,,,,
TC - 343,"BOMBAY WIRE ROPE-  Kolshet, Thane.",CURRENT,,,,
,,,,,,
TC - 344,HALL & GYMNASIUM AT F.G.P.,CURRENT,,,,
,,,,,,
C- 345,"MAVANI - S. No. 185/2, 3, 4, 186, 187, Kavesar, Ghodbunder Road, Thane",CURRENT,,,,R9  to 10
,,,,,,
TC - 345,MANORAM NAGAR SCHOOL,CURRENT,,,,PL 3
,,,,,,
C- 346,"RAJ HOUSING , PONDA (SAIRAJ DEVELOPERS)",CURRENT,,,2ND FLOOR LOFT,
,,,,,,
C- 347,SHRI KARANDIKAR,CURRENT,,,,
,,,,,,
C- 348,ANIL JAIN,,RECORD,,,
,,,,,,
C- 349,PREMIER GRINDERES,CURRENT,,,2ND FLOOR LOFT,
,,,,,,
C-350,"GHAISAS MAHAGIRI - C.T.S. No. 57 , T.No.5 At Mahagiri, Thane",,RECORD,,,
,,,,,,
C-351,"ARUN DATAR  HAJARNIS - C.T.S. No. 4, T. No. 24, At Chendanai, Gaondevi Cross Lane, Thane.                                                        ",,,COMPLETED,2ND FLOOR LOFT,
,,,,,,
TC-352,RAMDAS SHINDE,,RECORD,,,
,,,,,,
C- 353,"SHRI. GONDHALE , J.K.PATIL (KAVESAR)",,RECORD,,,
,,,,,,
C- 354,"LITTLE FLOWER SCHOOL - S.No. 189/2A, 192/3A, village Majiwade, Thane.",CURRENT,,,,R10
,,,,,,
C- 355,RAJ HOUSING (MHAPUSA),CURRENT,,,,
,,,,,,
C-356,"EVEREST WORLD - S.No.283-A, 283-B(old), 37, 38(New), 146/1, 146/2 (Pt), 146/2(Pt), 147/2, 163/2 of Village Dhokali, Tal. & Dist. Thane
",CURRENT,,,,R11 to R12
,"DOCUMENTS - 1,2,3,4",,,,,
,"SANCTIONED DRGS - 1,2,3",,,,,
,"NOC, OC DOCUMENTS - 1, 2",,,,,
,"CFO NOC - 1,2",,,,,
,"CORRESPONDANCE WITH CLIENT - 1,2,3",,,,,
,SUB PLOT F - DOCUMENT 1,,,,,
,SUB PLOT F - DRAWINGS 1,,,,,
,RATAN SILK MILL -1 - EVEREST MALL OLD DRG.-1,,,,,
,EVEREST WORLD - MMRDA -1,,,,,
,EVEREST WORLD - MHADA -1,,,,,
,EVEREST SCHOOL -1,,,,,
,"CORRESPONDANCE WITH DEPT - 1,2",,,,,
,EVEREST WORLD - ROAD TDR - 1,,,,,
,,,,,,
C- 357,HAVYAKA WELFARE TRUST,,RECORD,,,
,,,,,,
C- 358,DEVDATTA CO. HSG. SOCIETY,CURRENT,,,,R13
,,,,,,
C- 359,"U.T.I.  HOUSE  (STATION ROAD) - C.T.S. No. 301, 302, Tika No. 2 Of  Village Chendani, Thane.    ",CURRENT,,,,
,,,,,,
C- 360,VISION DEVELOPERS -,,RECORD,,,
,,,,,,
C- 361,"BHAVE - 
",,RECORD,,,
,,,,,,
C- 362,"M/S. SHREE VIRAJ ENTERPRISES - T.D.R. - G.No. 24/5, Sector VIII, Village Khari, Tal & Dist. Thane ",,,COMPLETED,,
,,,,,,
C- 363,NAL SAROVAR,,RECORD,,,
,,,,,,
TC- 364,VILLAGE DAWALE SCHOOL  NO. - 85,CURRENT,,,,
,,,,,,
TC- 365,ASHER RESIDENCY S.NO. 412,,,,CANCELLED,
,,,,,,
C- 366,"THE UNITED BASEL MISSION CHURCH -S. No. 105, H. No. 3A, at village Majiwade, Thane",,RECORD,,,
,,,,,,
C- 367,MAHINDRA & MAHINDRA,,RECORD,,,
,,,,,,
C- 368,RAJAT PATIL - T.D.R,,RECORD,,,
,,,,,,
C-369,"BHAVE - VISHNU NAGAR - C.T.S. No. 39, 43/7,  T. No. 15, At Sambhaji Path, Vishnunagar, Naupada, Thane  ",,,COMPLETED,,
,,,,,,
C - 370,KAMALESH THAKKAR,,RECORD,,,
,,,,,,
C - 371,VINOD VAITY,CURRENT,,,,
,,,,,,
C - 372,"GODREJ WELLMAN IND. PVT. LTD., KOLSHET",CURRENT,,,,R13
,,,,,,
C - 373,SAMANT BLOCKS,,RECORD,,,
,,,,,,
C - 374,"JAGDALE (VARTAK NAGAR)- BLDG NO. 21, 22 -Mhada ,  S.No. 186, Vartak Nagar, Thane ",CURRENT,,,,PL 4
,,,,,,
C -375,KALPANA PATIL & PRIYANKA KABALI,RECORD,,,,
,,,,,,
C -376,NAVNATH DEVASTAN MANDAL - AHMADNAGAR,CURRENT,,,,
,,,,,,
C-377,MEK ENGINEERING,CURRENT,,,2ND FLOOR LOFT,
,,,,,,
C -378,SAPTSHREE APARTMENT,CURRENT,,,2ND FLOOR LOFT,
,,,,,,
C- 379,KISHOR SAVALA - T.D.R.( MAJIWADE),CURRENT,,,,R13
,,,,,,
C - 380,"HAPPY HOME HEALTH CLUB -Plot No.C-2, Road No. 17, 18, Panchpakhadi, Thane.",,,COMPLETED,,
,,,,,,
C- 381,"SHAMPRAT MHATRE (KAUSA) S.No. 78/1, 79, 80/1, 81, 82/2, 85, 86",CURRENT,,,,
,,,,,,
C -382,"UDAY PARMAR - 87/6 & 87/ 8 situated at  Majiwade, Thane",,,COMPLETED,,
,,,,,,
C - 383,ASHOK SUTAR - PANCHGANI,,,,,
,,,,,,
C- 384,DR. PARANGE,,,COMPLETED,,
,,,,,,
C - 385,"DEEPAK GADRE - C.T.S.No. 84, 85, T.No. 18 at village Naupada, Sambhaji Path, Thane",CURRENT,,,,
,,,,,,
TC - 386,PANDURANG PATIL   (KOPARI GYM. & STAGE),,,,CANCELLED,
,,,,,,
TC - 387,SIDDHACHAL LIBRARY,CURRENT,,,,
,,,,,,
C- 388,VAIDYA - VISHNU NAGAR,CURRENT,,,,
,,,,,,
C-389,"KISHOR SAVALA -T.D.R (PANCHPAKHADI)- S.No. 51, H.No. 1, Panchpakhadi, Thane.",,,COMPLETED,,
,,,,,,
C-390,LONA- VALLEY,,RECORD,,,
,,,,,,
C - 391,SHRI. CHHADDA - DAIGHAR,,RECORD,,,
,,,,,,
C- 392,"SHRI. DESHPANDE (GHANTALI NAKA) -C.T.S. NO. 48, T.NO. 15, Ghantali Naka, Naupada, Thane (W)",,RECORD,,,
,,,,,,
C - 393,"SHAH MALLEABLE -GUT NO. 61/1, 61/2, Chitalsar Manpada, Thane",,RECORD,,,
,,,,,,
C - 394,"KANITKAR BUNGLOW-C.T.S. No. 645, 646, 647, 648, Naupada, Thane",CURRENT,,,,
,,,,,,
C- 395,"UDAY SINKAR (MOGHARPADA) - Mogharpada, Thane",,RECORD,,,
,,,,,,
C - 396,"KAMAL SOCIETY -C.T.S. No. 108/5, Tika No. 12, Ram Maruti Road, village Panchpakhadi, Thane (West)",CURRENT,,,,
,,,,,,
C - 397,"MOHAN RATHOD -C.T.S. No. 133/4, 134 Tika No. 8 situated at Uthalsar Road, Thane ",,RECORD,,2ND FLOOR LOFT,PL 4
,,,,,,
C - 398,"MANTRI HOUSE -C.T.S. No. 166, Tika No. 12, at village Naupada, Thane ",,,COMPLETED,,
,,,,,,
TC - 399,BSUP - KHARTON ROAD,CURRENT,,,,
,,,,,,
C - 400,"DLF - KOLSHET ROAD - Gut No. 29,30,31/1/2 of Village Manpada & S.No. 125/1, 128/3/4/5 & 282 of Village Balkum, Thane.
",,RECORD,,,
,,,,,,
C - 401,"SHAMPRAT MHATRE TDR - III, S.No. 87/2, Kausa.",,,,FILE RETURN,
,,,,,,
C - 402,DLF - MHADGUD,,RECORD,,,
,,,,,,
C - 403,"KISHOR SAVALA T.D.R. (KHARI) - S.NO. 60(Pt), 69/1",,RECORD,,,
,,,,,,
C - 404,"SUMER CASTLE - S.No  16(Pt), 17(Pt), 18(Pt), 19(Pt), Panchpakhadi, Thane",,,COMPLETED,,
,,,,,,
C -405,"SHARIF VAREKAR - S. No. 3, H. No. 2C situated at  Vadavali, Thane",,RECORD,,,PL 4
,,,,,,
C - 406,"DAISARIA - DAMJI SHAMJI - S.No. 280/1(Pt), 280/1(Pt), 280/4(Pt), 289/2(Pt), 289/2(Pt), 415(Pt), 415(Pt) of Village Majiwade, Tal. & Dist. Thane.",CURRENT,,,,
,,,,,,
C - 407,LODHA GROUP VILLAGE - NARIVALI,,,,,
,,,,,,
C - 408,LODHA GROUP VILLAGE - KHIDKALI,,,COMPLETED,,
,,,,,,
C - 409,LODHA GROUP VILLAGE - WAKLAN,,,,,
,,,,,,
C - 410,KISHOR SAVLA T.D.R. - NAUPADA,CURRENT,,,,
,,,,,,
C - 411,NISHI LAND PARK - KHOPOLI,,RECORD,,2ND FLOOR LOFT,
,,,,,,
C- 412,"BHASKAR COLONY -DEEPAK SANE - C.T.S. No. 376 to 384 situated at Bhaskar Colony,  Naupada, Thane.",,,COMPLETED,,
,,,,,,
C - 413,SHAMPRAT MHATRE - OVALA - S.No. 193/1,CURRENT,,,,
,,,,,,
C - 414,"GOLDEN PARK - HOTEL - S. No. 36A/1, 36B/2, 37A/1 Village – Panchpakhadi",CURRENT,,,,
,,,,,,
C - 415,"SHAMPRAT MHATRE - DHAGE  - C.T.S. No. 166, T.No. 12, Naupada, Thane. ",CURRENT,,,,
,,,,,,
C - 416,"SUDHAKAR RAI - Plot No. A-30, Road No. R.S.C.17 & 14 in MHADA layout of Village Panchpakhadi, Tal. & Dist. Thane ",CURRENT,,,,
,,,,,,
C - 417,"A)  SHAMPRAT MHATRE (T.D.R. IV) 51, 52/1, 53/1,2, 59/1  MASTER FILE ",CURRENT,,,,
,"B)  SHAMPRAT MHATRE (KAUSA) R.G. - 53/1,2",,,,,
,"C)   SHAMPRAT MHATRE (KAUSA) T.CAMP - S. No.  51/A, 52/1/A, 53/2/2, 59/1 ",,,,,
,"D)  SHAMPRAT MHATRE (KAUSA) DIS. & MAT. HOME - S. No.  51/2, 52/1/2",,,,,
,"E)  SHAMPRAT MHATRE (KAUSA) ROAD T.D.R. - S.No. 53/1/1, 53/2/1",,,,,
,F)  SHAMPRAT MHATRE (KAUSA) SECONDARY SCHOOL - S.No. 52/1/1,,,,,
,"G) SHAMPRAT MHATRE (KAUSA) PRIMARY SCHOOL - S.No. 51/3, 52/1/3",,,,,
,,,,,,
C - 418,"PANKAJ SULE - AVASAK - C.T.S. NO. 20/8, T.NO. 16, THANE",CURRENT,,,2ND FLOOR LOFT,
,,,,,,
C - 419,"PRAVIN MEHTA - COLLAGE RES. - G.No. 24/1, 4 at village Khari, Tal. & Dist. Thane ",,,COMPLETED,,
,,,,,,
C - 420,GADAKARI - KELKAR,CURRENT,,,,
,,,,,,
C - 421 A,SINGHANIA SCHOOL,CURRENT,,,,PL 4
C - 421 B,SINGHANIA I.B. SCHOOL,CURRENT,,,,
,,,,,,
C - 422 A,"ASAGAR SURME - KAUSA -S. No. 54, H.No. 3 of Village Kausa, Thane",CURRENT,,,,R14
C - 422 B,ASAGAR SURME - KAUSA (T. D. R.),,,,,
,,,,,,
C - 423,"SHILPA SOCIETY  - C.T.S.No. 112/5/5, T. No.12, Ram Maruti Road, Panchpakhadi, Thane",CURRENT,,,,
,,,,,,
C - 424,"MANGESH SALVI - KOLBAD - C.T.S. No. 133/4, T. No. 8, Mumbai Agra Road, Kolbad, Thane",CURRENT,,,,R14
,,,,,,
C - 425,"SHREE GANESH DEVELOPERS- BLDG PROPOSAL - G. No. 24/5, Village Khari, Thane",,,COMPLETE,,
,,,,,,
C - 426,UMESH KULKARNI,CURRENT,,,,
,,,,,,
TC - 427,THANE STATION,CURRENT,,,,
,,,,,,
TC - 428,SHEEL SCHOOL - NO. 81,CURRENT,,,,PL 4
,,,,,,
TC - 429,SCHOOL AT DIVA - SABHE,CURRENT,,,,
,,,,,,
C- 430,"VOLTAS - 2007/143 (AKRUTI) - S.No. 269/1(Pt), 270, 408, 421/1, 421/2, Pokharan Rd, Majiwade, Thane.",CURRENT,,,,PL6
,,,,,,
C - 431,"AKSHAR AUTOMOBILES - S. No. 326/A, Plot No. 1 at Village Majiwade, Tal. & Dist. Thane",CURRENT,,,,
,,,,,,
C - 432,"INFOTECH INDIA LTD.- S. No. 326/A, Plot No. 1 at Village Majiwade, Tal. & Dist. Thane",CURRENT,,,,
,,,,,,
C - 433,"SUKHDEO THAKUR - KAVESAR- S.No. 199/6, 213/1A, 213/1B, 214/5, 214/6, Kavesar, Thane.",,,,TRANSFER,
,,,,,,
C - 434,"INNAYAT BEG - S.No. 11, H.No.11, Kausa",CURRENT,,,,
,,,,,,
C - 435,"KISHORILAL ANAND - S.NO. 99(PT), 100(PT), 113, 114/3(PT), 114/4, 115/2 Kolshet, Thane.",CURRENT,,,,R13
,,,,,,
C - 436,"ROHIT AUTOMOBILES - Plot No. A-81 at Pendhar, Tal. Panvel, Dist. Raigad",CURRENT,,,,
,,,,,,
C - 437A,"APARNARAJ SOCIETY - G.No. 167 & 176 of Village Parsik, Tal. & Dist. Thane
",,,COMPLETED,,R14
C - 437B,"APARNARAJ SOCIETY -T.D.R. - S.No. 167/1, Parsik, Thane",,,,,
,,,,,,
C - 438,DAGA (PARAVARI),CURRENT,,,,
,,,,,,
TC- 439,UTHALSAR - B.S.U.P (AMBEDKAR ROAD),CURRENT,,,,R14
,,,,,,
C - 440,"SAI PRASAD CO.OP.HSG SOCIETY - SUKHADEV GHOLAP - C.T.S. No. 366/1, T.No.16, Ghantali, Thane",CURRENT,,,,PL 4
,,,,,,
TMC-441,B.S.U.P. KAVESAR,CURRENT,,,,
,,,,,,
C - 442,"GHANTALI - SHRI KRISHNA SOCIETY - C. T. S. No. 40, T. No. 15 of village Naupada, Tal & Dist. Thane ",CURRENT,,,,R14
,,,,,,
C - 443,"VARAD ANNEX - C.T.S. No. 71(Pt) & 74(Pt), Tika No. 18, M.G. Road, Naupada, Thane ",CURRENT,,,2ND FLOOR LOFT,PL 4
,,,,,,
C - 444,"DEEPAK SANE - PHADKE - C.T.S. No. 867 to 869, T.No. 11, S.No. 57/7/6(Pt) situated at Bramhan Society,  Naupada, Thane",CURRENT,,,,
,,,,,,
TC - 445,MAJIWADE - SAMAJ MANDIR,CURRENT,,,,
,,,,,,
C - 446,THE BANK OF BARODA,,,,CANCELLED,
,,,,,,
C - 447,"DR. CHIVATE - S. No. 189, Hissa No. 3A/2, 3B/2 at Kolshet, Thane ",CURRENT,,,2ND FLOOR LOFT,
,,,,,,
C - 448,MADAN JAIN -KALWA,CURRENT,,,,
,,,,,,
C - 449,BEG INNAYAT - KAUSA S. Nos. 6/5/A,,,,CANCELLED,
,,,,,,
C - 450,"SANTRAM HARI RAM - S.NO. 98/1, 98/6, 98/7, 
  98/8, 98/9, 98/10, 13, Village Majiwade, Thane.
",CURRENT,,,,R14
,,,,,,
C - 451,"KANTIBHAI PATEL - CHABBIYA GROUP - S. No. 16, H. No. 2, 3, 4, 6, 8, Kolshet, Tal. & Dist. Thane ",CURRENT,,,,
,,,,,,
C - 452,THANAWALA - NAUPADA,,,,NOT AVAILABLE,
,,,,,,
C - 453,"NEELKAMAL HSG. SOCIETY - C.T.S. No. 92, T. No. 22, B-Cabin, Naupada, Thane            ",,,COMPLETED,,
,,,,,,
C - 454,"HAMID DONGARE - S. No. 35/1A, 35/1B, of  village Kausa, Tal & Dist. Thane ",CURRENT,,,,R14
,,,,,,
C - 455,"GAURI KARANDIKAR - C.T.S. No. 16A/2A & C.T.S. No. 5/19, 16/A-1, 16/A-2/B, T.No. 22 Naupada, Tal & Dist. Thane",,,COMPLETED,,
,,,,,,
C - 456,SHAMPRAT MHATRE- BHAINDER PADA,CURRENT,,,,
,,,,,,
C - 457,"LODHA- BHAINDER PADA - S.No.105/3A, 105/3B at village Bhayanderpada, Ghodbunder Road, Thane",,RECORD,,,
,,,,,,
C - 458,MR. NAKUL (NESTOR CONSTRUCTION),CURRENT,,,2ND FLOOR LOFT,
,,,,,,
C - 459,"A.M.K. PROPERTIES -(KHAN - KAUSA) - S. No. 110, H. No. 1, Kausa, Tal. & Dist. Thane",CURRENT,,,,R14
,,,,,,
C - 460,"MAGESTIC PREMISES - F.P. No. 338, T.P. S. No. 1, Tal. & Dist. Thane",CURRENT,,,2ND FLOOR LOFT,
,,,,,,
C - 461,PRAMOD PATIL- PANCHGANI,CURRENT,,,2ND FLOOR LOFT,
,,,,,,
C - 462,SHAMPRAT MHATRE - ALIBAG,CURRENT,,,,
,,,,,,
C - 463,"GHANTALI- T.D.R. (KISHOR SAVLA)- Tika No.15, C.T.S. No.41B of Ghantali Road, Tal. & Dist. Thane",CURRENT,,,,
,,,,,,
C - 464,"C.TOLANI - G.No. 59A/1(Pt), 59A/11(Pt), 59A/14(Pt), 59A/15(Pt), 59A/22(Pt) Chitalsar Manpada, Thane",CURRENT,,,,
,,,,,,
C - 465,RAJ HOUSING - AYESHA,CURRENT,,,,
,,,,,,
C - 466,"TCSTH - S.No. 68(Pt), 69/1, 69/2, 69/3, 69/4, 69/5, 69/6, 70/1, 70/5, 70/6, 70/12, 70/13 & 511(Pt), Village Panchpakhadi, Tal & Dist. Thane",CURRENT,,,,
,,,,,,
C - 467,VASANT KARLEKAR,CURRENT,,,,
,,,,,,
C - 468,RAMESH JAIN- GUPTA (BHIWANDI),CURRENT,,,,
,,,,,,
C - 469,"SHREENATH DEVELOPERS, ASHOK PATEL, KASARVADVALI",CURRENT,,,,
,,,,,,
C - 470,"EVEREST COUNTRY SIDE - S.No. 9/4 of village 
Vadvali, Tal & Dist. Thane
",CURRENT,,,,
,OTHER PLOTS DOCUMENTS -1,,,,,
,DRG.- 1,,,,,
,EC - ROAD TDR - 1,,,,,
,D3- DOCUMENT - 1,,,,,
,D3- DOCUMENT - SANCTIONED DRG.,,,,,
,D3 - OC- DOCUMENTS -1,,,,,
,D3 - CORRESPONDENCE -1,,,,,
,D3- DRAWINGS,,,,,
,,,,,,
C - 471,TMC - GAODEVI PARKING,CURRENT,,,,
,,,,,,
C - 472,YEOOR - RESORT - HARVATE,CURRENT,,,,
,,,,,,
C - 473,"GURURAJ CO.OP.HSG.SOC. - F.P. No. 336, Sub Plot No. 2, T.P.S. No. 1 at Village Panchpakhadi, Thane ",CURRENT,,,,
,,,,,,
C - 474,"ADV. SADANAND BHISE - Kharkar Ali , T.No. 5, C.T.S. No. 5, 6A/1",CURRENT,,,2ND FLOOR LOFT,
,,,,,,
C- 475,KISHOR SAVLA - S.NO. 69/1 KHARI,CURRENT,,,,
,,,,,,
C - 476,SHUBHADA SOCIETY,CURRENT,,,,
,,,,,,
C - 477,SHREEJI BUILDERS - KASHELI,CURRENT,,,,
,,,,,,
C-478,"ARUN DATAR - SURUCHI SOCIETY - C.T.S. No. 900 To 903, T. P. 2, Naupada, Thane ",,,COMPLETED,,
,,,,,,
C-479,KAWALJIT SACHDEV (PUNDHE),CURRENT,,,,
,,,,,,
TC-480,CHANGAIDEVI SAMAJ MANDIR,CURRENT,,,,
,,,,,,
C - 481,"APLAB - Plot No. A/5 & A/6, Wagle Industrial Estate, Thane.",CURRENT,,,,
,,,,,,
C-482,"SHAMPRAT MHATRE- MURKUTE - F.P.475, T.P.S. No. 1, Panchpakhadi, Thane.",CURRENT,,,,
,,,,,,
TC - 483,K- VILLA MARKET,CURRENT,,,,
,,,,,,
C - 484,"ASGAR SURME - S.NO. 59/5-B/2, Kausa, Tal & Dist. Thane",CURRENT,,,,
,,,,,,
TC - 485,MINI STADIUM MAHATMA PHULE NAGAR,CURRENT,,,,
,,,,,,
C - 486,"SATISH KULKARNI- SHAHAPUR - village Lenard, 
Tal. Shahapur Dist. Thane
",CURRENT,,,,
,,,,,,
C - 487,"FINAL PLOT 425 - EXTENTION OF EXISTING BLDG. - T.P.S.No.1,At Panchpakhadi,Tal. & Dist. Thane",CURRENT,,,,
,,,,,,
C - 488,AMRUT N. GALA,CURRENT,,,,
,,,,,,
TC - 489,KHAREGAON MARKET,CURRENT,,,,
,,,,,,
C - 490,SULE - THANAWALA,CURRENT,,,,
,,,,,,
C - 491,"SHAHAPURWALA - C.T.S. No. 57/2, 58/2, T. No. 8 & C.T.S. No. 6 T. No. 10, Uthalsar, Thane",CURRENT,,,,
,,,,,,
C - 492,,,,,,
,,,,,,
C- 493,"MATESHWARI DEVELOPERS -DESAI VILLAGE  - (NEXTOWN MARATHON ) S. No. 140, 141/2, 142/1, 142/3, 220/1B, 220/2, 220/4C, 220/5, 232, village Desai, Tal. & Dist. Thane
",CURRENT,,,,
,,,,,,
TC - 494,KHAREGAON SAMAJ MANDIR,CURRENT,,,,
,,,,,,
C- 495,DIR OF MUN. ADMINISTRATION - WORLI,CURRENT,,,,
,,,,,,
C - 496,"SHRI. MAINKAR - C.T.S.No. 27/6 Tika No. 21 At Naupada, Thane.",CURRENT,,,,
,,,,,,
C - 497,"SHRINIVAS KARAPURKAR - C.T.S. No. 53/B/4, T. No. 15, Baji Prabhu Deshpande Marg, Naupada, Thane",,,COMPLETED,2ND FLOOR LOFT,
,,,,,,
C - 498,"LAXMI NIWAS - Plot No. 69, S. No. 202, Village Majiwade",CURRENT,,,,
,,,,,,
C - 499,BHARAT SADAN -,CURRENT,,,,
,,,,,,
C - 500,"PANKAJ SULE - MANISHA BUNGLOW - S.No. 3A/3/3, C.T.S. No. 40, T.No. 15, Naupada, Thane.",CURRENT,,,,
,,,,,,
C - 501,"HARSH THANAWALA - F. P. No. 207, T.P.S. No. 1, Bombay Agra Road, Thane",CURRENT,,,,
,,,,,,
C - 502,"RAYSHI GALA - Plot No. A – 9, Wagle Industrial Estate, Thane",,,COMPLETED,,
,,,,,,
C- 503,"LANXESS INDIA PVT LTD - Kolshet Road, Thane.",CURRENT,,,,
,,,,,,
C - 504,DEEPAK SALVI & J.Y. GADKARI,CURRENT,,,,
,,,,,,
C - 505,SHAMPRAT MHATRE - KAUSA (S.NO. 58/1B),CURRENT,,,,
,,,,,,
C - 506,"WINCO FABRICATORS - Plot No. A – 206 in Wagle Industrial Estate, Thane",CURRENT,,,,
,,,,,,
C - 507,"BADLAPUR ENGINEERING COLLEGE - Kanhor, Tal. Ambarnath, Dist. Thane ",,RECORD,,,
,,,,,,
C - 508,WIMBELDON PARK -,CURRENT,,,,
,,,,,,
C - 509,"ROMA MAHESH BUNGLOW - F.P.NO. 110, 111, 112 (PT), T.P.S. 1, Louis Wadi, Panchpakhadi, Thane.",,,,RETURN,
,,,,,,
C - 510,"ASHOK PATEL - MANAVACHARYA                                   S.NO. 7, H. NO. 4, Vadavali, Thane.",CURRENT,,,,
,,,,,,
C - 511,"KANAKADITYA SOCIETY - HANSRAJ CHHEDA - C.S. NO. 91/A, T.NO. 15, Naupada, Thane.",CURRENT,,,File Returned,
,,,,,,
C - 512,"DEEPAK SANE - DAPOLI (DAPOLI, RATNAGIRI)",CURRENT,,,,
,,,,,,
C - 513,"SIRAJ DIE CASTING WORK - PLOT NO. A-89, Wagle Estate, Thane.",CURRENT,,,,
,,,,,,
TC - 514,YASHASVI NAGAR - BALKUM,CURRENT,,,,
,,,,,,
TC - 515,TARICHA PADA (CEMETRY),CURRENT,,,,
,,,,,,
TC - 516,KOLSHET (CEMETRY),CURRENT,,,,
,,,,,,
TC - 517,KOLSHET GHAT,CURRENT,,,,
,,,,,,
TC - 518,KAUSA HOSPITAL,CURRENT,,,,
,,,,,,
C - 519,SHREE NAIK (YEOOR),CURRENT,,,,
,,,,,,
TC - 520,"MANPADA, TAX DEPT.",CURRENT,,,,
,,,,,,
C - 521,"SHAMPRAT MHATRE- S.NO. 43, KAUSA",CURRENT,,RETURNED,,
,,,,,,
C - 522,"SHAMPRAT MHATRE- SAHAN - ALIBAUG, S.NO. 97/9",CURRENT,,,,
,,,,,,
C- 523,"SHRI. VIBHAKAR NAIK - S.NO. 111, Desai Village, Thane.",CURRENT,,,,
,,,,,,
C- 524,SURESH SHETTY,CURRENT,,,,
,,,,,,
C - 525,"SHUBBECHA CO.OP.HSG.SOC. - 1- C.T.S. No. 
80, 81, T. No. 21, S.No. 36, Naupada, Thane
",,,,,
,SHUBBECHA CO.OP.HSG.SOC. - 2,,,,,
,,,,,,
C - 526,"VARE CHAWL - T. NO. 15, S. NO. 41A, Ghantali Path, Naupada, Thane. ",,,COMPLETED,,
,,,,,,
C - 527,"INSTITUTE OF PRINTING TECHNOLOGY & RESEARCH, NEW PANVEL. ",CURRENT,,,,
,,,,,,
C - 528,"SHRI. KALAMKAR - C.S.NO. 892, 893, 894, 895, Naupada, Thane.",CURRENT,,,,
,,,,,,
C- 529,TIWARI - SUKHDEV THAKUR,CURRENT,,,,
,,,,,,
C - 530,"MANDAR DESAI - PIMPALKHARE - C.T.S. No. 592, 593, 594, Bramhan Society, Naupada, Thane.",CURRENT,,,,
,,,,,,
C - 531,M/S. ZEN ENGINEERING -,CURRENT,,,2ND FLOOR LOFT,
,,,,,,
C - 532,TMC 1ST FLR EXTENSION,CURRENT,,,,
,,,,,,
C - 533,RISHIRAJ DIVADKAR (KALYAN),CURRENT,,,,
,,,,,,
C - 534,"M/S. HB ESMECH PVT. LTD. (DEEPAK AMUKAR) PLOT NO. A-254 TO 259, Wagle Estate (MIDC) Thane.",CURRENT,,,,
,,,,,,
C - 535,"M/S MATCHWELL ENGINEERING PVT. LTD. - PLOT NO. D-6/6, Wagle Estate (MIDC), Thane.",CURRENT,,,2ND FLOOR LOFT,
,,,,,,
C - 536,"SHETRON LIMITED- G. NO. 300, 346 A & B, Khativali, Shahapur.",CURRENT,,,,
,,,,,,
C - 537,ARUN JOSHI -,CURRENT,,,,
,,,,,,
TC - 538,BALKUM CEMETRY,CURRENT,,,,
,,,,,,
C - 539,VINOD JAIN - KAVESAR,CURRENT,,,,
,,,,,,
C - 540,CADBURY CO.,CURRENT,,,,PL 4
,,,,,,
C - 541,"M/S. HB ESMECH PVT. LTD. (DEEPAK AMUKAR) PLOT NO. A-254 TO 259, Wagle Estate (MIDC) Thane.",CURRENT,,,,
,,,,,,
C - 542,"KINJAL THANAWALA - C.T.S. No. 16A 50C/1 & 16A + 50C/2, T.No. 18, L.B.S Road, Thane. ",CURRENT,,,,
,,,,,,
C - 543,"ANAND ASHRAM - C.S. No. 87, T.No. 22,                       B – Cabin, Thane.",,,,CANCELLED,
,,,,,,
C - 544,"TATVADNYAN VIDYAPEETH - G.NO. 35, Chitalsar - Manpada, Thane.",CURRENT,,,,
,,,,,,
C - 546,"JAGDALE - TAPASYA - S.No. 153, H.No. 6(Pt), at Panchpakhadi, Thane.",CURRENT,,,,PL 5
,,,,,,
TC - 547,T.M.T. KOLSHET AGAR,CURRENT,,,,
,,,,,,
C - 548,SURESH ENTERPRISES,CURRENT,,,,
,,,,,,
TC-549,SAVARKAR  NAGAR  GARDEN,CURRENT,,,,
,,,,,,
C - 550,"ANAND BHUVAN - F.P. No. 219/B, T.P.S.No.1, C.T.S. No. 1254, Naupada, Thane.",CURRENT,,,,
,,,,,,
C - 551,"SUNIL BAMB - S.No. 14/5, 15, 23/1, 24/2, 24/3, village Ovla, Thane.",CURRENT,,,,
,,,,,,
C - 552,"VARTAK NAGAR - BLDG NO. 32 - S. No. 187(Pt), 206/4(Pt), 209/1(Pt), 209/2(Pt), Mhada, Vartak Nagar at Village Majiwade, Thane.",CURRENT,,,,
,,,,,,
C - 553,"RATNAKAR SHETTY - C.T.S. No. 77, T. No. 16, Naupada, Thane ",CURRENT,,,,
,,,,,,
C - 554,"SHREENAGAR CONGRESS OFFICE - S.No. 427 to 435 & 485 at Shree Nagar, Panchpakhadi, Thane.",CURRENT,,,,
,,,,,,
C - 555-A,PRASHANT TRADING CO.,CURRENT,,,,
,,,,,,
C - 555-B,"SUNIL DAWADA - G.NO. 32/1 (Pt), 32/2(Pt), village Chitalsar, Manpada, Thane",CURRENT,,,,
,,,,,,
C - 556,"RELIANCE CONSTRUCTION CO. - S.No. 380, H.No. 4, Village Majiwade, Tal & Dist. Thane",CURRENT,,,2ND FLOOR LOFT,PL 5
,,,,,,
C - 557,TAMBE - RAJESH GADGIL,CURRENT,,,,
,,,,,,
C - 558,REGAL PLAZA- MATOSHREE LOKPURAM,CURRENT,,,,
,,,,,,
C - 559,"DEBONAIR SOCIETY - F. P. NO. 365, T. P. S. NO. 1, Panchpakhadi, Thane.",CURRENT,,,,
,,,,,,
C - 560,CHHABAIYA,CURRENT,,,,
,,,,,,
C - 561,"KENI - T.D.R. - G.No. 46, at village Khari, Thane.",CURRENT,,,,
,,,,,,
C - 562,RUPESH  HEMDEV,CURRENT,,,,
,,,,,,
C - 563,INGAWALE- R.T.O. OFFICE,CURRENT,,,,
,,,,,,
C - 564,"AJANTHA ENTERPRISES (SHAMPRAT MHATRE - ARJUN PATIL) - G.No. 198, Parsik, Thane",CURRENT,,,,
,,,,,,
C - 565,"LASHKARE KURSIJA - C.T.S. No. 36, 42 & 43 Tika No. 22, Village Naupada, Thane.
",,,,RETURNED,
,,,,,,
C - 566,"MR. PRABHU DESAI - Tika No. 8, C.T.S. No. 48/B village Uthalsar, Thane (West)",CURRENT,,,,
,,,,,,
C - 567,"SHRI. BARAF - G.No.59/11/B/2, at village Chitalsar Manpada, Thane.",CURRENT,,,,PL 5
,,,,,,
C - 568,"DAYA KSHAMA SHANTI SOCIETY -   Naupada, Thane, C.T.S. No. 271, 272, 273, 274, 275, 276, 277, 278, 279, 66 S.No. 38/1/8, 41/1 to 4 19
      
",CURRENT,,,,
,,,,,,
C - 569,"BHUPESH TAMBE - S.No. 6, H.No. 3,  Hari Om Nagar, Mulund (E.)",CURRENT,,,,
,,,,,,
C - 570,"MAHARASHTRA NAGAR -  Gut No. 56, Chitalsar Manpada, Thane",CURRENT,,,,
,,,,,,
C - 571,"NARENDRA SILK MILL - G. No. 46 & G. No. 48/1, Chitlasar Manpada, Thane",CURRENT,,,,
,,,,,,
TC- 573,"THE PAPER PRODUCTS SCHOOL  - Subhash Nagar, village Majiwade, Tal. & Dist. Thane
",CURRENT,,,,
,,,,,,
C - 574,"VINOD PATIL - G.No. 180, Dahiwali, Maval, Pune",CURRENT,,,,
,,,,,,
C - 575,"KABBUR INDUSTRIES( T.D.R.) - WINDSOR REALTY PVT. LTD. - S.No.161, H. No. 1A/2, S.No.161, H. No. 1C/2, at village Balkum, Thane ",CURRENT,,,,PL 5
,,,,,,
C - 576,"MANVACHARYA - VADVALI, S.No. 2/17, 4/3, 7/9, 7/11, 68/13, 105/5",CURRENT,,,,
,,,,,,
C - 577,"DR. GODBOLE  - C.T.S.No. 765, S.No. 152/A, H.No. 3/14, Naupada, Thane.",CURRENT,,,,
,,,,,,
C - 578,"SHIRISH GADKARI (PENDSE) - C.T.S.No. 616, 617, 618, Bramhan Soc. Thane.",CURRENT,,,,
,,,,,,
C - 579,"SHRI. KAMATHE - C.T.S. No. 44, T.No. 16, Maharshi Karve Road, Naupada, Thane.",CURRENT,,,,
,,,,,,
C - 580,KURSIJA - JAIN (KOPARI),,,,RETURNED,
,,,,,,
C - 581,"MANORAMA SOCIETY  - T.P.S. No. 2, T.No. 19, C.T.S. no. 945,946,947 & 948, Thane.",CURRENT,,,,
,,,,,,
C - 582,"BAHUBAL JAIN - CHARITY TRUST- S.No. 102A, 135, Mumbra.",CURRENT,,,,
,,,,,,
C - 583,"SATYA PUSHPA - OM SATYA PUSHPA CO.OP.SOC., F.P. 356, Panchpakhadi, Thane. ",CURRENT,,,,
,,,,,,
C - 584,"SHAMPRAT MHATRE- TDR - S.NO. 52/4/2, KAUSA",CURRENT,,,,
,,,,,,
C - 585,"MR. LALA - C.T.S. No. 348, 361A/1, 361A/2, T.No. 2, Thane",CURRENT,,,2ND FLOOR LOFT,
,,,,,,
C - 586,"OM MATESHWARI ENCLAVE - Khidkali, Thane.",CURRENT,,,,
,,,,,,
TC - 587,2ND FLOOR EXTENSION - HEAD OFFICE,CURRENT,,,,
,,,,,,
C - 588,MAHULI DARSHAN FARMS,CURRENT,,,,
,,,,,,
TC - 589,AZAD NAGAR SAMAJ MANDIR,CURRENT,,,,
,,,,,,
C - 590,"SHRI. GOVIND KAKADE - S.No. old 13/4 New 12/4, Balkum, Thane.",CURRENT,,,,PL 5
,,,,,,
C - 591,"SHRIPAD ANJURKAR - C.T.S. No. 144, 145, 
T. No. 13, Thane (W.)
",CURRENT,,,,
,,,,,,
C - 592,"SAMANT BUNGLOW - S.No. 82(Pt), Panvel, Tal & Dist. Raigad",CURRENT,,,,
,,,,,,
C - 593,"MEMON - T.No. 3, C.S.No.245, 246, Mahagiri, Thane.",CURRENT,,File Returned,,
,,,,,,
C - 594,"SUSHMA KASHALKAR -C.T.S. No. 37K, T.No. 16, Naupada, Thane.",CURRENT,,,,
,,,,,,
C - 595,"KANTI KOLI - (KALYAN) NANDU MORE - S.NO. 43. 44 & 46, GOWILI, KALYAN.",CURRENT,,,,
,,,,,,
C - 596,"SHREE LAXMI NIWAS CO.OP.HSG.SOC. - T.No. 15, C.T.S. No. 46/1, Ghantali Devi Path, Naupada, Thane.",CURRENT,,,,
,,,,,,
C - 597,,,,,,
,,,,,,
C - 598,"CHANG (NIKULBHAI) - CTS NO. 361A/1, T.NO. 2, THANE.",CURRENT,,,,
,,,,,,
C - 599,"DAVE - CHANDUBHAI - CTS NO. 107, T.NO. 5, KHARKAR ALI, THANE.",CURRENT,,,,
C - 600,"MADHUBAN CO.OP.SOCIETY - F.P.NO. 297, PANCHPAKHADI, THANE.",CURRENT,,,,
,,,,,,
TC - 601,"COMMISSIONER BUNGLOW - C.T.S. NO.  PANCHPAKHADI, THANE",CURRENT,,,,PL 5
,,,,,,
TC - 602,MANPADA SAMAJ MANDIR - MAHILA BHAWAN,CURRENT,,,,
,,,,,,
C - 603,A) SACHIN JOSHI,,,,,
,"B)  SACHIN JOSHI - MANORAMA NAGAR- S.No. 10 & 11, Manorama Nagar, Thane.",CURRENT,,,,
,C) SACHIN JOSHI - CHIRAG NAGAR,CURRENT,,,,
,,,,,,
C - 604,"INDRAJEET NIMBALKAR - G.No. 59/B(P), 59/5(P), 59/6, 59/7, 59/8(P), 59/11(P), 70(P), CHITALSAR-MANPADA, THANE.",CURRENT,,,,
,"A) DRC NO. 221, 184 ",,,,,
,,,,,,
C-605,"SHAMPRAT MHATRE - S.NO.76/29, VADAVALI",CURRENT,,,,
,,,,,,
C- 606,"JAGDALE - INDIAN SMELTING- S.NO. 165/4, 169, PANCHPAKHADI, THANE.",CURRENT,,,,
,,,,,,
C - 607,VARTAK NAGAR MHADA LAYOUT - AKRUTI DEVELOPERS,CURRENT,,,,
,,,,,,
C - 608,"SHRI SHEVADE - DEEPAK SANE- C.T.S. 641, 642, Thane.",CURRENT,,,,
,,,,,,
TC - 609,"RAJAN VICHARE - KACHARALI TALAO, TEKADI BUNGLOW, TOIL BLOCK & GYM.",CURRENT,,,,
,,,,,,
C - 610,RAJ RYLE RESIDENCY -1 MHAPUSA GOA,CURRENT,,,,
,,,,,,
C - 611,"SHREE LAXMI NARAYAN MANDIR -C.T.S. No. 108, 109, 110/A, 110/B, 110/C, 110/D, 111, T.NO. 12, THANE",CURRENT,,,,
,,,,,,
C - 612,"SUDHAKAR CHAVAN- S.NO. 28/2A, 28/3A, YEOOR",CURRENT,,,,
,,,,,,
C - 613,"SHREE RAMKRISHNA DEVELOPERS -C.T.S.NO. 343, T.NO. 2, LOHAR ALI, THANE.",CURRENT,,,,
,,,,,,
C - 614,"NAVGEETA SOCIETY - T.NO. 22, C.T.S. NO. 23/10, THANE.",CURRENT,,,,
,,,,,,
C - 615,"DURGA NIWAS -CTS NO. 50C, T.NO.10, TEMBHI NAKA, THANE.",CURRENT,,,2ND FLOOR LOFT,
,,,,,,
C - 616,RAJ RYLE RESIDENCY -2 MHAPUSA GOA,CURRENT,,,,
,,,,,,
TC - 617,KASARVADAVALI MARKET,CURRENT,,,,
,,,,,,
C - 618,"JAI DURGA MATA SOC, - S.NO. 502, H.NO. A, PANCHPAKHADI, THANE ",CURRENT,,,,
,,,,,,
TC - 619,KASARVADAVALI MARKET,CURRENT,,,,
,,,,,,
C - 620,"SUNIL BUMB (ANAND NAGAR)- S.NO. 87, H.NO. 3, OVLA, THANE.",CURRENT,,,,
,,,,,,
C - 621,"WORLD TEX MANUFACTURING PVT.LTD. - PLOT NO. 585, TTC IND. AREA, MAHAPE, MIDC, THANE.",CURRENT,,,,
,,,,,,
TC - 622,"KASHISH PARK - WAGALE ESTATE, THANE.",CURRENT,,,,
,,,,,,
C - 623,"NIVEDAN SOC. - CTS NO. 97, T.NO. 8, CHARAI, THANE.",CURRENT,,,,PL 5
,,,,,,
C - 624,"SHREE GURUKRUPA CO.OP.HSG.SOC., CHANDANWADI, THANE.",CURRENT,,,,
,,,,,,
C - 625,"DR. DESHPANDE - F.P. NO. 433 & 435, Sub plot No. D, T.P.S. No. 1, Off. Bombay Agra Road, Thane.",CURRENT,,RETURNED,,
,,,,,,
C - 626,"AMEET CO-OP. HSG. SOC. - C.T.S. NO. 1, T. NO. 25, CHENDANI THANE",CURRENT,,,,
,,,,,,
TC - 627,DAVLE NAGAR -GYMNASIUM,CURRENT,,,,
,,,,,,
TC - 628,DATIWALI SCHOOL,CURRENT,,,,PL 5
,,,,,,
C - 629,"LOKESHWARI CO.OP. HSG. - C.T.S. NO. 23/10, T. NO. 22, NAUPADA, THANE",CURRENT,,,,
,,,,,,
C - 630,"DHANSHREE CO.OP. HSG. - C.T.S. NO.36/2, KOPARI ROAD, M. G. ROAD, THANE",CURRENT,,,,
,,,,,,
C-631,PRANJALI  CO. OP HSG -,CURRENT,,,,PL 5
,,,,,,
C-632,DT INFRASTRUCTURE - PRANAV ENCLAVE,CURRENT,,,2ND FLOOR LOFT,
,,,,,,
C -633,GAZIANI -- RAINBOW -  PADLE,CURRENT,,,,
,,,,,,
C -634,NATASHA DEVELOPERS,CURRENT,,,,
,DOCUMENTS,,,,,
,CORRESPONDANCE,,,,,
,DRAWINGS,,,,,
,,,,,,
C -635,"ANANT PARANJAPE - C.T.S. NO. 312, T. NO. 2, THANE",CURRENT,,,,
,,,,,,
C -636,JAGTAP (PURANDARE),CURRENT,,,,
,,,,,,
C -637,SHAMPRAT MHATRE - S. NO. 143,CURRENT,,,,
,,,,,,
C -638,BHUPESH TAMBE (ALIBAG),CURRENT,,,,
,,,,,,
C - 639,AMBER DEVELOPERS  - DAVALE,CURRENT,,,,
,,,,,,
C - 640,"PURNIMA SOC. -C.S.NO. 133/A, T.NO.8, UTHALSAR, THANE.",CURRENT,,,,
,,,,,,
C - 641,"PRABODH DAVKHARE - G.NO. 15, H.NO. 2C & 2D, THANE.",CURRENT,,,,
,,,,,,
C - 642,ATMARAM PATIL,CURRENT,,,,
,,,,,,
C - 643,GANESH WAGH - CHIRAG NAGAR,,,,,
,,,,,,
C - 644,RASIK SHAH,CURRENT,,,,
,,,,,,
C- 645,PARIJAT SOCIETY,CURRENT,,,,
,,,,,,
C - 646,"M/S. H.K.DEVELOPERS - S.NO. 138, H.NO. 2/1, KAVESAR, THANE.",,,,,
,,,,,,
C - 647,DEEPAK SANE - GOGTE,CURRENT,,,,
,,,,,,
C - 648,"NIKULBHAI - CHALTA NO. 174 TO 190, OWLA.",CURRENT,,,,
,,,,,,
C - 649,"RUNWAL CONSTRUCTION - S.NO. 44,46, H.NO.1,2,3,4,5,6(pt), S.NO.46, /6(PT), 47/5,6, Panchpakhadi, Thane.",CURRENT,,,,
,,,,,,
C - 650,"NIKUL BHAI - VISHNUNAGAR- C.T.S. NO. 67, T.No. 15, Vishnu Nagar, Naupada, Thane.",CURRENT,,,,
,,,,,,
C-651,"DIWADKAR - BHASKAR COLONY - C.T.S. No. 385 to 391 & 559, Bhaskar Colony, Naupada, Thane.",CURRENT,,,2ND FLOOR LOFT,
,,,,,,
C-652,"RAINBOW DEVELOPERS - (Vinod Gupta)                 S. No.63/1/3, 1/2, 1/5, 1/6, 1/7(Pt), 1/8(Pt), 1/9, 1/10(Pt), Kamatghar, Tal. Bhiwandi, Thane.",,,FILE RETURNED,,
,,,,,,
C-653,ASHOK PATEL - BHAINDER PADA,CURRENT,,,,
,,,,,,
C-654,"RAMESH JAIN - GOA, S. No. 16, Sub Div. No. 6, Goa.",CURRENT,,,,
,,,,,,
TC - 655,AZAD NAGAR GYMNASIUM,CURRENT,,,,
,,,,,,
C - 656,"HAWARE ESTATE - S. NO. 48, 49 AT VILLAGE VADAVALI, G. B. ROAD, THANE. (Haware Akshar)",CURRENT,,,,
,,,,,,
C - 657,ANIL MUTTHA -PARSHIWADI,CURRENT,,,2ND FLOOR LOFT,
,,,,,,
C - 658,VISPI PATEL - DAHANU,CURRENT,,,,
,,,,,,
C - 659,"THAKKAR - T.No. 12, C.T.S. No. 184B/6-2, Old Mumbai Agra Road, Thane.",CURRENT,,,,
,,,,,,
C - 660,"GARDEN ESTATE- Chitalsar Manpada, Thane. ",CURRENT,,,,
,,,,,,
C - 661,"NEELKAMAL SOCIETY - C.T.S. 280, Tika No. 10, Bhaskar Colony, Thane.",CURRENT,,,,
,,,,,,
C - 662,"UNIVERSAL GREEN - C.T.S.No. 113/1, Sheel.",CURRENT,,,,
,DOCUMENT,,,,,
,CORRESPONDANCE,,,,,
,DRAWING - C.C. DATED 15/10/2013,,,,,
,,,,,,
C- 663,"JAGDALE - BLDG NO. 23 - Vartak Nagar, Mhada Layout, Thane.",CURRENT,,,,
,,,,,,
C- 664,"AMAR GIAN GO-OPERATIVE PREMISES PVT. LTD. - C.T.S. No. 4B/2, 5B/2, L.B.S. Marg, Khopat, Thane.",CURRENT,,,,
,,,,,,
TC- 665,URBAN RESEARCH CENTRE,,RECORD,,,
,,,,,,
C - 666,NATURE PARK,CURRENT,,,,
,,,,,,
C - 667,R.P.G. CABLE ( COURTYARD),CURRENT,,,,
,,,,,,
C - 668,DINESH WARADE - SADHANA AMRUTE,CURRENT,,,,
,,,,,,
C - 669A,PREMIER- USARGHAR,CURRENT,,,,
,,,,,,
C - 669B," PREMIER- BETAWADE, THANE",CURRENT,,,,
,,,,,,
C - 670,DATTA MEGHE - N.H.E.S. SCHOOL-,CURRENT,,,,
,,,,,,
C - 671,"KHEDEKAR - GADKARI- Panchpakhadi, Thane.",CURRENT,,,,
,,,,,,
C - 672,MAHARASHTRA MARITIME BOARD,CURRENT,,,,
,,,,,,
C - 673,INDRAJEET TANAJI SATRE - Ambernath,CURRENT,,,,
,,,,,,
C - 674,HASMUKHBHAI - CHHEDA (CHARAI),CURRENT,,,,
,,,,,,
C - 675,COSMOS HAWAIIAN BUNGLOW                                                         (MR. EKNATH SHINDE),CURRENT,,,,
,,,,,,
C - 676,DHANJIBHAI BAUVA - RANJANOLI,CURRENT,,,,
,,,,,,
C - 677,"GAURANG THANAWALA - C.T.S. No. 84(S.No. 17), T.No. 18, Village Naupada, Thane.",CURRENT,,,,
,,,,,,
C - 678,"HIMANSHU JOSHI - CTS NO. 78, T.NO. 2, Raghoba Shankar Road, Chendani, Thane.",CURRENT,,,,
,,,,,,
C - 679,"SARASWATI SECONDARY SCHOOL - CTS No. 67(Pt), 74, 75(Pt), 78 & 79, T.No. 21, Naupada, Ghokhale Road, Thane.",CURRENT,,,,
,,,,,,
C - 680,"JUBIN VAIDYA - S.No. 293/5, Kolshet, Thane, S.No. 101, Majiwade, Thane.",CURRENT,,,,
,,,,,,
C - 681,"DYNAMIC PARK - Khidkali, Thane",CURRENT,,,,
,,,,,,
C - 682,SHETH GROUP - SHIVANSAI - Vasai,CURRENT,,,,
,,,,,,
TC - 683,GANESHWADI  GARDEN,CURRENT,,,,
,,,,,,
C - 684,D. DAYABHAI AND COMPANY PVT.LTD.,CURRENT,,,,
,,,,,,
C - 685,JAYANTIBHAI - GAONDEVI,CURRENT,,,,
,,,,,,
C - 686,"AMMBER HOUSING - S.NO. 169/3A, 3B, 3C, DAVALE, THANE.",CURRENT,,,,
,,,,,,
C 687,"TRANSIT CAMP - S.NO. 52/2, Majiwade, Thane.",,,,CANCEL,
,,,,,,
C - 688,"NARESH KOLI - Kharigaon, Kalwa",CURRENT,,,RETURN ON DT 16/1/13,
,,,,,,
C - 689,"RUNWAL - BOMBAY WIRE ROPE, KOLSHET, THANE.",CURRENT,,,,
,,,,,,
C - 690,VEKA INDIA - MAHAPE,CURRENT,,,,
,,,,,,
C - 691,"INDRAPURI CO.OP.HSG.SOC. LTD. - F.P. 328, T.P.S. No. 1, Panchpakhadi, Thane.",CURRENT,,,,
,,,,,,
C - 692,"VILAS SAMANT BUNGLOW  - GUT NO.  No. 67 & 68 OF VILLAGE BHAJE, TAL. MAVAL, DIST. PUNE ",CURRENT,,,,
,,,,,,
C - 693,"MATESHWARI - SHIL  - S. No. 28/1A, 28/1B, of village Shil, Thane.",CURRENT,,,,
,,,,,,
C - 694,MR. RANJEET  DIWADKAR - GHANSOLI,CURRENT,,,,
,,,,,,
C - 695,JAI VASANT SOC. LTD.,CURRENT,,,,
,,,,,,
C - 696,NIRMAL - PREMIER LAND - DOMBIVALI,CURRENT,,,,
,,,,,,
C - 697,PRASHANT VAIDYA - PADGHA,CURRENT,,,,PL 5
,,,,,,
C - 698,SAPTASHREE SKY HEIGHTS,CURRENT,,,,
,,,,,,
C - 699,SHINDE - SHEEL,CURRENT,,,,PL 5
,,,,,,
C - 700,DHEERAJ SHAH - KOPARI,CURRENT,,,,
,,,,,,
C - 701,VINAY JOSHI - JODHPUR,CURRENT,,,,
,,,,,,
C - 702,DHANJIBHAI  - SATGHARE,CURRENT,,,,
,,,,,,
C - 703,DR. NITIN RAHANE,CURRENT,,,,
,,,,,,
C - 704,MUMBAI UNIVERSITY,CURRENT,,,,PL 5
,,,,,,
C - 705,SATISH PATKAR - SHAHAPUR,CURRENT,,,,
,,,,,,
TC - 706,"KRANTI & SWAMI SAMARTH CHAWL, Majiwade - Manpada Ward Office (Toilet block)",CURRENT,,,,
,,,,,,
C - 707,AVINASH KARNIK,CURRENT,,,,
,,,,,,
C - 708,ARUN PATIL - SHEEL,CURRENT,,,,
,,,,,,
C - 709,SHIVPRABHA SOCIETY,CURRENT,,,,
,,,,,,
C - 710,ANANT NATH DEVELOPERS,CURRENT,,,,
,,,,,,
C - 711,"NITIN PATIL - TDR, G.No. 70/2(Pt), Naupada, Thane. ",CURRENT,,,,
,,,,,,
C - 712,KRISHNA DEVELOPERS (MOHNISH BAHAL),CURRENT,,,,
C-712(A),PARK - (CRZ),CURRENT,,,,
C-712(B),45.0M WD. D.P. ROAD,CURRENT,,,,
C-712(C),PARK,CURRENT,,,,
,,,,,,
C - 713,SAROJ SADAN,CURRENT,,,,
,,,,,,
C - 714,JITENDRA VYAS - UTHALSAR,CURRENT,,,,
,,,,,,
C - 715,ACC - DRONAGIRI,CURRENT,,,,
,,,,,,
C - 716,UNIVERSAL PETROL PUMP,CURRENT,,,,
,,,,,,
C - 717,AMOL AITAWADEKAR,CURRENT,,,,
,,,,,,
C - 718,FLAXO REAL ESTATE PVT. LTD.,CURRENT,,,,
,,,,,,
C - 719,HAWARE - NERAL PLOT,CURRENT,,,,
,,,,,,
C - 720,PAL PEUGEOT COMPANY - Dombivali,CURRENT,,,,
,SUBODH RUNWAL  (Miscllaneous Projects.),,,,,
,,,,,,
C - 721,CHHABAIYA PARK,CURRENT,,,,PL 6
,,,,,,
C - 722,GURUKUL SOCIETY Vibhav A,CURRENT,,,,
,,,,,,
C - 723,ASHOK PATEL - SIDDHIVINAYAK DEV.,CURRENT,,,,
,,,,,,
C - 724,DEEPAK SANE - KARVE,CURRENT,,,,
,,,,,,
TC - 725,BALASAHEB  THACKAREY  MEMORIAL,CURRENT,,,,
,,,,,,
C - 726,ADV. SHRIKANT OAK,CURRENT,,,,
,,,,,,
C-727,THE THANE JANATA SAHAKARI BANK LTD.,CURRENT,,,,
,,,,,,
C-728,PRITI  PANSARE,CURRENT,,,,
,,,,,,
C-729,AJAY PATKAR - BHIVPURI,CURRENT,,,,
,,,,,,
C - 730,DEEPAK SANE - VRUNDAVAN SOC.,CURRENT,,,,
,,,,,,
TC - 731,CHATRAPATI SHIVAJI STATUE,CURRENT,,,,
,,,,,,
C - 732,MOHNISH  BAHEL,CURRENT,,,,
,,,,,,
C- 733,SONAL CO-OP. HSG. SOCIETY,CURRENT,,,,
,,,,,,
C - 734,SHREESH CO-OP.HSG. SOCIETY (SUNIL BHALKE),CURRENT,,,,
,,,,,,
C - 735,RAJESH CO-OP HSG. SOCIETY,CURRENT,,,,
,,,,,,
C - 736,PIMPALNER,CURRENT,,,,
,,,,,,
C - 737,REMEDIOS - KAUSA TDR,CURRENT,,,,
,,,,,,
C - 738,"KAWLE - PIMPALGHAR, BHIWANDI, THANE",CURRENT,,,,
,,,,,,
C - 739,DATTAVIHAR CO.OP.HSG.SOC.,CURRENT,,,,
,,,,,,
C - 740,"JAGDALE - INDIAN SMELTING- S.NO. 170/1, PANCHPAKHADI, THANE.",CURRENT,,,,
,,,,,,
C - 741,"RACHANA CO.OP.HSG.SOC. - CTS NO. 87, T.No. 15, Ghantali, Thane.",CURRENT,,,,
,,,,,,
C-742,"MR. RAVINDRA PHATAK - F.P. NO.96, T.P.S NO.1, PANCHPAKHADI, THANE (W)",CURRENT,,,,
,,,,,,
C-743,"DESAI VILLAGE, NIKHIL CHAUDHARI.",CURRENT,,,,
,,,,,,
C-744,"SANJAY KOTAK  C.T.S. NO.53B/13, T.NO.15, VILLAGE NAUPADA, THANE.",CURRENT,,,,
,,,,,,
C-745,"AVINASH SITARAM KARKHANIS   S.NO. 6, H.NO.2(P), 3(P) OF VILLAGE YEUR, THANE.",CURRENT,,,,
,,,,,,
C-746,"SHAIKH  BUILDERS  S. NO.189, H.NO.1/2, AT MAJIWADE, POKHARAN ROAD, THANE (W)",CURRENT,,,,
,,,,,,
C-747,"CHAPHEKAR   S.NO.377, HISSA 2A, AT KALWA, THANE ",CURRENT,,,,
,,,,,,
C-748,"DR. VIDYA RAMGOPAL     S. NO.113,    HISSA NO.5(PT) PANCHPAKHADI, TALUKA & DIST THANE.",CURRENT,,,,
,,,,,,
C-749,"MARATHON - FIRE BRIGADE RES GUT NO.63/4(PT), 392(PT) & 393(PT), VILLAGE KHARI.",CURRENT,,,,
,,,,,,
C-750,DEEPDARSHAN  SOCIETY,CURRENT,,,,
,,,,,,
C-751,"NEELKANTH - KALHER - KASHELI    TALUKA:- BHIWANDI, DIST:- THANE.",CURRENT,,,,
,,,,,,
C-752,"HAWARE BHIWANDI PROJECT (VILLAGE - NANDKAR, DEVRUNG, ETADE)",CURRENT,,,,
,,,,,,
C-753,"GURU CHINCHKAR  -  S.NO. 35, ALIBAUG, DIST:- RAIGAD.",CURRENT,,,,
,,,,,,
C-754,HAWARE CITI -  VADAVLI  (MASTER FILE),CURRENT,,,,
,,,,,,
C-755,"MOKASHI   HOSPITAL  C.T.S NO. 2A/1, T.NO.17, TAL.  &  DIST:- THANE.",CURRENT,,,,
,,,,,,
TC-756,"SPORTS COMPLEX  S.NO.281/2D/2, 283/2, 281/2A/2, MAJIWADE POKHARAN RD.2",CURRENT,,,,
,,,,,,
TC - 757,TMT BUS DEPOT,CURRENT,,,,
,,,,,,
C-758,SHRI. SANTOSH  BHAMRE (MUTHWAL BHIWANDI) S.No.2/ 3,CURRENT,,,,
,,,,,,
C-759 - A,"HAWARE MUTHWAL S. NO.9,  HISSA NO.16",CURRENT,,,,
,,,,,,
C - 760,SANJAY ARORA - KOLE,CURRENT,,,,
,,,,,,
C -761,SANJAY ARORA - KHOPOLI (VAROSE),CURRENT,,,,
,,,,,,
C -762,DIPEN PATEL,CURRENT,,,,PL 6
,,,,,,
C -763,TATA SEREIN (ARDENT,CURRENT,,,,
,,,,,,
C-764,SANTOSH BAMBARE (DHAMGAON),CURRENT,,,,PL 6
,,,,,,
C-765,SANTOSH BAMBARE (DEVRUNG)  S. NO.10/49,CURRENT,,,,
,,,,,,
C - 766,AMAR PUSHPA KUNJ,CURRENT,,,,
,,,,,,
C - 767,SUMER CASTLE,CURRENT,,,,
,,,,,,
C-768,MAHAVIR  MILLENNIUM,CURRENT,,,,
,,,,,,
C - 769,BCCIL  KALAMBOLI,CURRENT,,,,
,,,,,,
TC-770,SAVARKAR  MAIDAN  KOLBAD,CURRENT,,,,
,,,,,,
C - 771,BHOOMI LAWNS,CURRENT,,,,
,1) PHASE  -  II,,,,,
,2) PHASE  - III,,,,,
,,,,,,
C-772,SUBHASH KUMAR  - NARPOLI - BHIWANDI S.NO. 20,CURRENT,,,,
,,,,,,
C-773 A,KOTHARI FAMILY TRUST (27 ACRE),CURRENT,,,,
C-773 B,KOTHARI FAMILY TRUST (5 ACRE),CURRENT,,,,
C-773 C,KOTHARI FAMILY TRUST (9 ACRE),CURRENT,,,,
C-773 D,KOTHARI FAMILY TRUST T.M.T. DEPOT (T.D.R),CURRENT,,,,
C-773 E,KOTHARI FAMILY TRUST GUT NO. 59/19,CURRENT,,,,
,,,,,,
C-774,SATISH TIRODKAR   MALVAN,,,,DESTROYED,
,,,,,,
C - 775,PICNIC CENTRE - MOGHARPADA,CURRENT,,,,
,,,,,,
C - 776,ADITYA ASSOCIATES (MARATHE),CURRENT,,,,
,,,,,,
C-777,DNYANESHWAR  PAWAR,CURRENT,,,,
,,,,,,
C- 778,ANIL MEHRA,CURRENT,,,,PL 6
,,,,,,
C-779,JAI JALARAM CO-OP. HSG. SOC.,CURRENT,,,,
,,,,,,
C-780,ASGAR SURME S. NO.47,CURRENT,,,,
,,,,,,
C-781,DATTATRAY MAHADEV JOSHI,CURRENT,,,,
,,,,,,
C-782,SHIVANAND SOCIETY,CURRENT,,,,
,,,,,,
C-783,HAWARE PATEL WOOD WORKS & TIMBER MART,CURRENT,,,,
,,,,,,
C-784,PRIDE (BHIWANDI),,,,DESTROYED,
,,,,,,
C-785,SAPTASHRI CO.OP. HSG. SOC.LTD.   (NATU PARANJPE),CURRENT,,,,
,,,,,,
C-786,APPA BHOIR - TALA,CURRENT,,,,
,,,,,,
C-787,"NITIN PATIL C.T.S NO.66A/1, TIKA NO.21, GOKHALE RD., THANE.",CURRENT,,,,
,,,,,,
C - 788,"MANISHA CO.OP.HSG.SOCIETY, THANE (NATU PARANJPE)",CURRENT,,,,
,,,,,,
C-789,PARAMSUKH  SOCIETY,CURRENT,,,,
,,,,,,
C-790,THANA HILLTOP CO.OP. HSG. SOC.,CURRENT,,,,
,,,,,,
C - 791,SHREESH CO.OP.HSG.SOC.  DR. SOVANI,CURRENT,,,,
,,,,,,
C-792,DNYANESHWAR PAWAR (RAMCHANDRA NAGAR),CURRENT,,,,
,,,,,,
C-793,HAWARE CITI  S.NO.19/10,CURRENT,,,,
,,,,,,
C-794,HAWARE CITI  S.NO.19/14,CURRENT,,,,
,,,,,,
C-795,HAWARE CITI  PHASE - 4,CURRENT,,,,
,,,,,,
C-796,HAWARE CITI  PHASE - 5,CURRENT,,,,
,,,,,,
C-797,HAWARE CITI  PHASE - 6,CURRENT,,,,
,,,,,,
C-798,HAWARE CITI  PHASE - 7,CURRENT,,,,
,,,,,,
C-799,HAWARE CITI S. NO. 20/2/A- TDR PROPOSAL,CURRENT,,,,
,,,,,,
C-800,HAWARE CITI S. NO. 21/18 (PHASE 10),CURRENT,,,,
,,,,,,
C-801,LODHA - PALAVA,CURRENT,,,,
,,,,,,
C-802,VOLTAS (ATUL JOSHI),CURRENT,,,,PL 6
,,,,,,
C-803,RANJIT SOCIETY   (MULUND),CURRENT,,,,
,,,,,,
C-804,RAM KRISHNA C.H.S. LTD.,CURRENT,,,,
,,,,,,
C-805,RAJU SALIAN,CURRENT,,,,
,,,,,,
C - 806,SUBODH RUNWAL,CURRENT,,,,
,,,,,,
C-807,BALAJI CONSTRUCTION,CURRENT,,,,
,,,,,,
C-808,RAYMOND RAMNIK BHAI,CURRENT,,,,
,,,,,,
C-809,AMAR GIAN CO.OP.HSG. SOC.,CURRENT,,,,
,,,,,,
C-810,KEDARNATH BHUWAN - SUKHADEV GHOLAP - MUMBRA,CURRENT,,,,
,,,,,,
C-811,VIJAY SARITA,CURRENT,,,,
,,,,,,
C-812,PARNAD GUPTE,CURRENT,,,,
,,,,,,
C-813,"INDIAN LEAD LTD. L.B.S. ROAD, PANCHPAKHADI, MAJIWADE",CURRENT,,,,
,,,,,,
C-814,CONWOOD REALTY - VASANT VIHAR,CURRENT,,,,
,,,,,,
C-815,SHRINIWASA DEVELOPERS - GHARIVALI,CURRENT,,,,
,,,,,,
C-816,SAPTASHREE CO-OPERATIVE HOUSING SOC.,CURRENT,,,,
,,,,,,
C-817,PRATIK NARVEKAR,CURRENT,,,,
,,,,,,
C-818,HAWARE CITY - S. NO. 21/15,CURRENT,,,,
,,,,,,
C-819,HAWARE CITY - S. NO. 19/7,CURRENT,,,,
,,,,,,
TC-820,SAMAJ MANDIR HALL F.P. NO. 427 (PT),CURRENT,,,,
,,,,,,
C-821,ADITYA PRASAD CO-OP. HSG. SOC.,CURRENT,,,,
,,,,,,
C-822,NAV - SONALI CO-OP.HSG. SOC. - CHARAI,CURRENT,,,,
,,,,,,
C-823,THE THANE CLUB,CURRENT,,,,PL 6
,,,,,,
C-824,RAYMOND,CURRENT,,,,PL 6
,,,,,,
C-825,"YATIN PANDIT C.T.S. NO. 347 A,B,C  TIKKA NO.2",CURRENT,,,,
,,,,,,
C-826,"YATIN PANDIT  (VITTHAL MANDIR) C.T.S. NO. 294, 295 TIKKA NO.3",CURRENT,,,,PL 6
,,,,,,
C-827,"PRAVIN JAIN C.T.S. NO.318, T.NO.3, STATION ROAD, THANE",CURRENT,,,,
,,,,,,
C-828,"SRIKANT AVASAK C.T.S. NO.20/8, TIKA NO.16, DURGADHAM, THANE.",CURRENT,,,,
,,,,,,
C-829,SANJAY AHUJA  - KOPARI,CURRENT,,,,PL 6
,,,,,,
C-830,"SHYAMSUNDAR JANGID - SUMIT WOODS PVT. LTD.  S. No.326/5A, MAJIWADE, THANE.",CURRENT,,,,
,,,,,,
C-831,AMAR VAISHALI TIKA NO. 12 CTS NO.169/C,CURRENT,,,,
,,,,,,
C - 832,SUJATA SOCIETY,CURRENT,,,,
,,,,,,
C - 833,VIJAY ENCLAVE (CREMATORIUM),CURRENT,,,,
,,,,,,
C-834,GANESH KUTTI - MOHAN VASANT GUPTE,CURRENT,,,,
,,,,,,
C-835,"AVANTIKA SOCIETY  S.NO.63A/1B, T. NO.22",CURRENT,,,,
,,,,,,
C-836 (A),"DR. UDAY GADGIL F.P. NO.59 AT PANCHPAKHADI, THANE",CURRENT,,,,
C-836 (B),"DR. UDAY GADGIL F.P. NO.59, TPS No.1 AT PANCHPAKHADI, THANE",CURRENT,,,,
,,,,,,
C-837,"SUYOJIT CO-OP. HOUSING SOC. LTD. C.T.S. 23/9, T.NO.22, NAUPADA, THANE",CURRENT,,,,
,,,,,,
C-838,"GODREJ KAVESAR PLOT  FROM AR. HITEN SETHI SR. NO. 141/5, 206/2, GHODBUNDER ROAD, THANE",CURRENT,,,,
,,,,,,
C-839,"WAGHMARE TDR S.NO. 62/9 & 63/12 DESAI VILLAGE, THANE",CURRENT,,,,
,,,,,,
C-839 A,"WAGHMARE S.NO. 40, DESAI VILLAGE, THANE",CURRENT,,,,
,,,,,,
C-839 B,"WAGHMARE S.NO. 41/9, DESAI VILLAGE, THANE",CURRENT,,,,
,,,,,,
C-839 C,"WAGHMARE S.NO. 173/19, DESAI VILLAGE, THANE",CURRENT,,,,
,,,,,,
C-839 D,"WAGHMARE S.NO. 60/16, DESAI VILLAGE, THANE",CURRENT,,,,
,,,,,,
C-839 E,"WAGHMARE S.NO. 60/7, DESAI VILLAGE, THANE",CURRENT,,,,
,,,,,,
C-840,"HAWARE PARADISE S.NO.2, HISSA NO. 8 &13, MUTHWAL",CURRENT,,,,
,,,,,,
C-841,"MADHU MILIND CO-OP. HSG. SOC. LTD. NAUPADA, THANE.",CURRENT,,,,
,,,,,,
C-842,"DEEPAK SANE - DESHPANDE C.T.S NO.94B, TIKKA NO. 21 &22, BRAMHAN SOC. THANE",CURRENT,,,,
,,,,,,
C-843,MR. VEERUS J. DAIS & MRS. MERYN MERY ESTER D'CRUZ (MAULAVI TDR),CURRENT,,,,
,,,,,,
C-844,"AUTOMATIC ELECTRONIC PVT. LTD. F.P. NO.313, PANCHPAKHADI, THANE",CURRENT,,,,
,,,,,,
C-845,"LAXMI NARAYAN CO-OP. HOUSING SOC. LTD. C.T.S NO. 475,476,477,478,479,480,481, NAUPADA, THANE.",CURRENT,,,,
,,,,,,
C - 846,"AUDUMBER CO -OP. HSG. SOC. LTD, C.T.S. NO. 8B, 9B, T. NO. 17, LALBAUG ROAD, THANE ",CURRENT,,,,
,,,,,,
TC- 847,"DHOKALI SENIOR CITIZEN HALL. GUT NO. 24/2B/1-3 , CHITALSAR MANPADA, THANE                                                                                                                                                                                                                                         ",CURRENT,,,,
,,,,,,
C-848,"SHAKTI KUSHWAH S.NO.14, PADLE",CURRENT,,,,
,,,,,,
C-849,"S.G. KULKARNI - GOA S.NO.42-A, VILLAGE TELAULIM PONDA, GOA.",CURRENT,,,,
,,,,,,
C-850,"NAVYUG CO-OP. HSG. SOC. NAUPADA, THANE. C.T.S. No. 84, 86A, 86B & 90, VISHNUNAGAR, NAUPADA, THANE (W)",CURRENT,,,,
,,,,,,
C-851,"ANAMIKA SOCIETY C.T.S. 110, TIKA NO.12, MUMBAI AGRA ROAD, THANE",CURRENT,,,,
,,,,,,
C-852,RAM EGADE,CURRENT,,,,
,,,,,,
C-853,SAMAJ  MANDIR  (TRANSIT CAMP) MAJIWADA,CURRENT,,,,
,,,,,,
C-854,SUNIL CHAWHAN,CURRENT,,,,PL 6
,,,,,,
C-855,"APTE WADA C.T.S NO.81,82,  TIKA NO.13 TEMBHI NAKA, THANE ",CURRENT,,,,
,,,,,,
C-856  (A),"PARKWOOD  KAVESAR, GHODBUNDER ROAD, THANE",CURRENT,,,,
C-856  (B),"PARKWOOD SCHOOL  KAVESAR, GHODBUNDER ROAD, THANE",CURRENT,,,,
,,,,,,
C-857,SAHAJEEVAN CO-OP. HSG. SOC.,CURRENT,,,,
,,,,,,
C - 858,"GAURAV SHARMA - OCTROI NAKA, S. NO. 20, OLD S. NO. 296, THANE",CURRENT,,,,
,,,,,,
C-859,"TRUSHNA CO-OP. HOUSING SOCIETY LTD. F.P. 362, T.P.S. - 1 PANCHPAKHADI, THANE (W)",CURRENT,,,,
,,,,,,
C-860,"PRATIK NARVEKAR (GAVALI) KHOPAT, S.NO. 101A/1(PT), PANCHPAKHADI, THANE.",CURRENT,,,,
,,,,,,
C-861,"MATRU MANDIR C.T.S. NO. 4F, TIKA NO.21, NAUPADA, THANE.",CURRENT,,,,
,,,,,,
C-862,"RAVI  GROUP  S.NO.109/19B, BHAYANDERPADA, GHODBUNDER ROAD, THANE.",CURRENT,,,,
,,,,,,
C-863,MAA NIKETAN,CURRENT,,,,
,,,,,,
C-864,"NUTAN SOCIETY  C.T.S NO. 833,834,835,836,837, NAUPADA, THANE (W)",CURRENT,,,,
,,,,,,
C-865,"SHREESH CO-OP. HSG. SOCIETY (MR. RANADE) F.P. NO.138, T.P.S. NO.1, PANCHPAKHADI, THANE (W)",CURRENT,,,,
,,,,,,
C-866,"NEW VAISHALI CO-OP. HSG. SOCIETY C.T.S. NO. 64/B/2, T.NO.21, SWAMI VIVEKANAND PATH, NR. MALHAR CINEMA, NAUPADA, THANE",CURRENT,,,,
,,,,,,
C-867,DNYANASADHANA COLLEGE,CURRENT,,,,
,,,,,,
C-868,"DEVDAYA NAGAR SOCIETY POKHARAN ROAD NO.1, THANE",CURRENT,,,,
,,,,,,
C-869,"SAI SHREE CO - OP. HSG. SOC. LTD.,                                         C.T.S. No. 2526, SAIBABA NAGAR, KALWA, THANE",CURRENT,,,,
,,,,,,
C-870,"PWD REST HOUSE S. NO.124, KAPURBAVDI, THANE (W)",CURRENT,,,,
,,,,,,
C-871,GAURAV SHARMA - DAMANI ESTATE,CURRENT,,,,
,,,,,,
C-872,ALAG DEVELOPERS,CURRENT,,,,
,,,,,,
C-873,RUNWAL NAGAR SCHOOL PLOT,CURRENT,,,,
,,,,,,
C-874,SUDHA BHAI YEOOR - GUT NO.12/1(PT),CURRENT,,,,
,,,,,,
C-875,DR. RAVI GANGAL,CURRENT,,,,
,,,,,,
C-876,SUDHIR MARDIA - DHAMTAN,CURRENT,,,,
,,,,,,
C-877,"SACHIN JOSHI -   C.T.S. NO. 280, 281, 282, 283, 284, 285 KALWA",CURRENT,,,,
,,,,,,
C-878,"JEEVAN CO-OP. HOUSING SOCIETY LTD.                             FINAL PLOT NO. 226, PLOT NO.22, PANCHPAKHADI, THANE.",CURRENT,,,,
,,,,,,
C-879,"IBIS THANE  FINAL PLOT NO.2, T.P.S NO.1, POKHRAN ROAD NO.1, THANE (W)",CURRENT,,,,
,,,,,,
C-880,"NOBLE SOCIETY  CTS NO. 221/93/B,C&D TIKA NO.11, CHARAI, THANE.",CURRENT,,,,
,,,,,,
C-881,"DIVA SWAPNA SOCIETY C.T.S .NO. 366,367 & 368, T.NO.10, NAUPADA, THANE.",CURRENT,,,,PL 6
,,,,,,
C-882,"JAYANAND SOCIETY, C.T.S. NO. 785 TO 795, 230, 233 & 839, T. NO. 10, 11, M.G. ROAD,NAUPADA, THANE

",CURRENT,,,,
,,,,,,
C - 883,"JAMUNADAS DHIMAN , S. No. 266/C(Pt), VILLAGE SARMAL, TAL. SHAHAPUR, THANE",CURRENT,,,,
,,,,,,
C-884.,"WASP PUMP PVT LTD.,PANKAJ SHUKLA.VILLAGE CITALSAR MANPADA. ",CURRENT,,,,PL 6
,,,,,,
C-885,"PUNDLIK CO-OP HSG SOC,OLD MUMBAI -PUNA ROAD KALWA .S.NO. 7 HISSA  NO.2",CURRENT,,,,
,,,,,,
C-886,"BAKUL SHAH ,S.NO.57/4B VILLAGE BHAYANDARPADA.",,,FILE RETURNED,,
,,,,,,
C-887,"ADVAIT BLDG -  SNEHA PATKAR CTS No. 112/7A, TIKA NO. 12",CURRENT,,,,PL 6
,,,,,,
C-888,"CLASSIC SOCIETY  S.NO. 198/A, TIKA NO.8, KOLBAD, THANE.",CURRENT,,,,
,,,,,,
C-889,"RYAN INTERNATIONAL SCHOOL.- OLD S.NO.41/1(pt) -NEW S.NO.4/6/2B,OLD S.NO.47(pt)-NEW S.NO.109/14K,PLOT NO.O/S-6/6 VILLAGE BHAYANDERPADA",CURRENT,,,,
,,,,,,
C-890,RAGHUKUL SOC,CURRENT,,,,
,,,,,,
TC-891,DADOJI KONDEV STADIUM,CURRENT,,,,
,,,,,,PL 6
C-892,SURYA PRAKASH CHS FINAL PLOT NO 280 &283,CURRENT,,,,
,,,,,,
C-893,"SRI MA VIDYALAYA S.NO. 146, HISSA NO. 5 & 6 PATLIPADA, OFF. GHODBUNDER ROAD, THANE (W) 400 607",CURRENT,,,,
,,,,,,
C-894,"TAKLE C.T.S.No. 23, T.No. 20, Gokhale Road, Naupada, Thane.",CURRENT,,,,
,,,,,,
C- 895,"D.A.V. SCHOOL 157(P),158/2(P) & 160/2(P) MAJIWADE",CURRENT,,,,
,,,,,,
TC- 896,"TAHASILDAR OFFICE - THANE PWD COMMERCIAL BLDG.C.T.S.No.1A, 1C/G,2A/G,2B,5A,5B,5C/2A,5C/1G & 6G TIKA NO 2",CURRENT,,,,
,,,,,,
C-897,"BHANU VILLA CHS LTD TIKA NO.18,C.S.NO.79A/1",CURRENT,,,,
,,,,,,
C-898,SAHYADRI SOCIETY. F.P.NO 274 PANCHPAKHADI,CURRENT,,,,
,,,,,,
C-899,"ENKAY PROPERTI ES - PARULEKAR (VASANT CHS.) CTS,NO.103/A/1 TIKA NO.12 ",CURRENT,,,,
,,,,,,
C-900,"MAHER PREMISES CHS.,CTS No.13/1,TIKA No.22",CURRENT,,,,
,,,,,,
C - 901,"NARIYELWALA CHAWL (J.P.INFRA) TIKA NO.3& CTS. NO. 329,330",CURRENT,,,,
,,,,,,
C -902,J.P.INFRA GROUP (KOPARI),CURRENT,,,,
,,,,,,
C - 903,"UNI ABEX ,MAJIWADE",CURRENT,,,,
,,,,,,
C-904,OFFICERS CLUB (KOPARI),CURRENT,,,,PL 6
,,,,,,
C - 905,"SURENDRA VILLA- S No.190/2, VILLAGE  KAVESAR.(SURENDRA RESIDENCY)",CURRENT,,,,
,,,,,,
C-906,SANDEEP PRABHU - AAJGAON,CURRENT,,,,
,,,,,,
C - 907,GAURAV SHARMA S.NO. 14 & 15/2 BHAYANDERPADA,CURRENT,,,,
,,,,,,
C - 908,"GAURAV SHARMA S.NO. 13, 24 & 26 BHAYANDERPADA",CURRENT,,,,
,,,,,,
C - 909,"GAURAV SHARMA S.NO. 57/1 OVALA, THANE.",CURRENT,,,,
C - 909 A,"SIDDHI REAL ESTATE DEVELOPERS , CONSTRACTED ROAD TDR",CURRENT,,,,
,,,,,,
C - 910,"VIJAY GROUP - NERAL - KARJAT S.NO.6/2B, 7/1 ,7/2,7/4,7/5,7/7,101B,10/2,10/3,11/3 DHAMOTE NERAL,TAL  - KARJAT",CURRENT,,,,
,,,,,,
C - 911,"VASANT BAHAR CO-OP HSG SOC.TIKA NO. 16, CTS NO. 95 NAUPADA .",CURRENT,,,,
,,,,,,
C - 912,"AHILYA CO-OP HSG SOC.CTS NO. 41A/1A, TIKA NO. 15 NAUPADA THANE.",CURRENT,,,,
,,,,,,
C - 913,"KASHINATH CO-OP HSG SOC. CTS NO.41A/2, TIKA NO.15 NAUPADA THANE.",CURRENT,,,,
,,,,,,
C - 914,"SUCHETA CO-OP HSG SOC. CTS NO. 344 ,BHASKAR COLONY,NAUPADA THANE",CURRENT,,,,
,,,,,,
C - 915,"DEEPAK KHARKAR - TEA VILLA RESTAURANT,FLOWAR VALLY,KAVESAR.",CURRENT,,,,
,,,,,,
C - 916,MARKET RESERVATION - VASANT VIHAR LAYOUT (D.B. REALTY - EVERSMILE MARKET RES.),CURRENT,,,,
,,,,,,
C - 917,ETERNITY CO.OP.HSG SOC.LTD.,CURRENT,,Completed,,
C-917 B,ETERNITY CO.OP.HSG SOC.LTD.,CURRENT,,,,
,,,,,,
,,,,,,
C - 918,PRAKASH DARSHAN CO.OP HSG.SOC.,CURRENT,,,,
,,,,,,
C - 919,"SHREE ANANT CHS FINAL PLOAT NO.254 T.P.S NO.1 PANCHAPAKHADI,THANE  ",CURRENT,,,,
,,,,,,
C - 920,DHANLAXMI CHAMBERS PREMISES  CO-OP HSG SOC.,CURRENT,,,,
,,,,,,
C - 921,KESHAV BHUVAN - RAJAPURKAR,CURRENT,,,,
,,,,,,
C - 922,SAHAYOG COMPLEX,CURRENT,,,,
,,,,,,
C - 923,DR. KETAN KARAVDE,CURRENT,,,,
,,,,,,
C - 924,DR. BAWASKAR .,CURRENT,,,,
,,,,,,
C -925,DIVNIK BANQUET HALL (KISHOR AHUJA),CURRENT,,,,
,,,,,,
C - 926,"NIKHIL CHAUDHARI - DESAI VILLAGE S NO. 144/2,144/3,144/5,144/6,144/8,144/9,145/4,218//24/1,218/24/3.",CURRENT,,,,
,,,,,,
C-927,HIMANSHU NAGDA - VILLAGE SANDAP,CURRENT,,,,
,,,,,,
C-928,AR.SHENDE,CURRENT,,,,
,,,,,,
C - 929,OM MANGALMURTI SOC,CURRENT,,,,
,,,,,,
C - 930,RISBUD,CURRENT,,,,
,,,,,,
C -931,SUSHIL SINGH - CINEWONDER,CURRENT,,,,
,,,,,,
C - 932,YOGESH JANKAR,CURRENT,,Completed,,
,,,,,,
C - 933,SIDDHIVINAYAK ENTERPRISES - MR KANASE,CURRENT,,,,
,,,,,,
C - 934,DEEPAK KHARKAR - KOTHARI COMPOUND,CURRENT,,,,
,,,,,,
C - 935,PARIDHI SOCIETY,CURRENT,,,,
,,,,,,
C - 936,GAURANGI SOC - CHANDRHAS SHETTY,CURRENT,,,,
,,,,,,
C - 937,GANESH BHUVAN,CURRENT,,,,
,,,,,,
C - 938,"SANKALP CO-OP HSG SOC C.T.S NO.13/4,T.NO.22",CURRENT,,,,
,,,,,,
C - 939,"WILLOWS C.H.S LTD,BALKUM THANE",CURRENT,,,,
,,,,,,
C - 940,VIJAY GROUP - VANGANI,CURRENT,,,,
,,,,,,
C - 941,S.G. PRABHU (AMNESTY SCHEME),CURRENT,,,,
,,,,,,
C - 942,THANE MUKAND EMP- CO-OP HSG SOC LTD,CURRENT,,,,
,,,,,,
C - 943,AMAR VIJAY CO OP HSG SOC,CURRENT,,,,
,,,,,,
TC - 944,TMC SCHOOL - KHAREGAON,CURRENT,,,,
,,,,,,
C - 945,VIPUL SOCIETY,CURRENT,,,,
,,,,,,
C - 946,MANDAR RISBUD,CURRENT,,,,
,,,,,,
C- 947,VASANT VIHAR SCHOOL,CURRENT,,,,
,,,,,,
C-948,"DEEPJYOTI SOCIETY (PANCHPAKHADI) FINAL PLOT NO.209, T.P.S.1, PANCHPAKHADI, THANE",CURRENT,,,,
,,,,,,
TC- 949,"Trupti Hospital (Amnesty Scheme , Atul Dongare) Majiwade",CURRENT,,,,
,,,,,,
C-950,"DR. JEEVAN GAVLI - C.T.S.NO. 1302/3, KALWA, THANE",CURRENT,,,,
,,,,,,
TC- 951,"MENTAL HOSPITAL, THANE.",CURRENT,,,,
,,,,,,
TC- 952,"PWD RESIDENCES AT KOPARI, THANE",CURRENT,,,,
,,,,,,
C - 953,"JAYANT JOSHI, NAUPADA, THANE.",CURRENT,,,,
,,,,,,
TC- 954,LAXMI MARKET - LOKMANYA NAGAR (JAGDALE),CURRENT,,,,
,,,,,,
TC- 955,SHAHU MARKET,CURRENT,,,,
,,,,,,
C-956,"SURENDRA ARYA - S.NO. 220/2 & 220/3A, VILLAGE BALKUM, THANE.",CURRENT,,,,
,,,,,,
TC-957,KOPRI POLICE STATION AND PWD OFFICE,CURRENT,,,,
,,,,,,
C-958,NITYANAND COSMOPOLITAN CO.OP. Hsg. Ltd.,CURRENT,,,,
,,,,,,
C-959,"NILIMA ACHAREKAR (M/S. SATYA VAS DEVELOPERS.) PLOT BEARING RSC-3B, PPK-13, VILLAGE PANCHPAKHADI, THANE ",CURRENT,,,,
,,,,,,
C - 960,MANTRANJALI BUNGALOW,CURRENT,,,,
,,,,,,
C-961,V. S. WALAWALKAR,CURRENT,,,,
,,,,,,
C-962,HIRA MAHAL,CURRENT,,,,
,,,,,,
C-963,MOHANDEEP CO.OP. HSG. SOC.,CURRENT,,,,
,,,,,,
C-964,GIRL'S HOSTEL (GOA) Bahujan Hitay Trust,CURRENT,,,,
,,,,,,
C-965,JITENDRA VYAS (KADWA GALLI),CURRENT,,,,
,,,,,,
TC - 966,SENIOR CITIZEN TMC,CURRENT,,,,
,,,,,,
C-967,RAMESHWAR SOCIETY – SAWARDEKAR/ KALE,CURRENT,,,,
,,,,,,
C-968,DNYANESHWAR PAWAR,CURRENT,,,,
,,,,,,
C - 969,VISHWESHWARI SOCIETY,CURRENT,,,,
,,,,,,
C-970,DADLANI PARK CO-OP HSG.SOC.LTD.,CURRENT,,,,
,,,,,,
C-971,Dr. JOGLEKAR HOSPITAL,CURRENT,,,,
,,,,,,
C-972,JAYANT SHETTY,CURRENT,,,,
,,,,,,
C-973,PARAG JOGALEKAR,CURRENT,,,,
,,,,,,
C-974,DR. RAJAN RELEKAR,CURRENT,,,,
,,,,,,
C-975,DEVYANI CO-OP. HSG. SOCIETY LTD.,CURRENT,,,,
,,,,,,
C-976,DEEPASHREE SOCIETY (Ref. Chandubhai Chheda),CURRENT,,,,
,,,,,,
C-977,"MANOHAR MAHAL  Ref:- Mr. Hemendra shah Plot No.26, F.P. No.145, T.P.S. No.1, Panchpakhadi, Thane.",CURRENT,,,,
,,,,,,
C-978,"VIJAY SAI RATNA (VIJAY LAWNS - PHASE II) , S. NO. 108/2B, 109/10A, 110/1, 110/2",CURRENT,,,,
,,,,,,
C-979,"ANANT ANAND SOCIETY V.P. No. 86210 Sr. No. 93, H.No. 8 Majiwade",CURRENT,,,,
,,,,,,
C-980,ANUPAMA SOCIETY,CURRENT,,,,
,,,,,,
C-981,Dr. TYAGRAJAN,CURRENT,,,,
,,,,,,
C-982,TARABAUG SOCIETY,CURRENT,,,,
,,,,,,
C-983,HIGHWAY SHIRIN,CURRENT,,,,
,,,,,,
C-984,APPA KATKADE,CURRENT,,,,
,,,,,,
C-985,Vartak Nagar Samata Society  Bldg. No. 17,CURRENT,,,,
,,,,,,
C-986,"V.S.PAWAR & BROS, PAWAR IND. ESTATE, CITY SURVEY NO. 9 CHARAI THANE",CURRENT,,,,
,,,,,,
C-987,Gurukul Society Vibhag B,CURRENT,,,,
,,,,,,
C-988,"Vijayshree Co.op. Hsg. Society Ltd, Naupad Thand",CURRENT,,,,
,,,,,,
C-989,White House Society,CURRENT,,,,
,,,,,,
C-990,Yash Enterprises,CURRENT,,,,
,,,,,,
C-991,Dynamic Vasant Vihar,CURRENT,,,,
,,,,,,
C-992,Keshav Bhoir (TDR file),CURRENT,,,,
,,,,,,
C-993,SHREE KRUPA CO-OP. HSG. LTD.,CURRENT,,,,
,,,,,,
C-994,ASHOK NAGAR BALKUM BLDG NO. 4A & 4B CHS LTD.,CURRENT,,,,
,,,,,,
C-995,TENANTS CO-OP HSG. SOCIETY,CURRENT,,,,
,,,,,,
C-996,SHAKUNTAL SOCIETY,CURRENT,,,,
,,,,,,
C-997,OUR LADY OF FATIMA CHURCH,CURRENT,,,,
,,,,,,
C-998,DR. GANDHI (SWAROOP ENCLAVE SHOP NO.6),CURRENT,,,,
,,,,,,
C-999,AMRUTRAJ CO-OP HSG SOC.,CURRENT,,,,
,,,,,,
C-1000,KEMING TOOLS COMPANY PVT.LTD.,CURRENT,,,,
,,,,,,
TC-1001,CIVIL HOSPITAL,CURRENT,,,,
,,,,,,
TC-1002,"S.T. WORKSHOP, KALWA",CURRENT,,,,
,,,,,,
C-1003,KUNTESH CHEDA,CURRENT,,,,
,,,,,,
C-1004,NAVSADAN SOCIETY (VIJAY JOSHI) GOKHALE ROAD,CURRENT,,,,
,,,,,,
C-1005,SURENDRA INDUSTRIES,CURRENT,,,,
,,,,,,
C-1006,"VISHWAJEET CO. OP. HSG. SOC. LTD., C.T.S. NO. 110A/1, 113/5,113/7, T. NO. 12, OLD BOMBAY AGRA ROAD,  THANE             
",CURRENT,,,,
,,,,,,
C-1007,"AMIT VAIDYA (VASANT SOC, MIRANDA SOC, ASHIRVAD SOC & RAJGRUH SOC C.T.S. NO. 103A/1, 103A/2C,103A/2D, 109/5C THANE",CURRENT,,,,
,,,,,,
C-1008,PARADISE MKH DEVELOPERS UNITED SOCIETY,CURRENT,,,,
,,,,,,
C-1009,SWARNA CO-OP HSG SOCIETY (Ref :- Sandesh Prabhu),CURRENT,,,,
,,,,,,
C-1010,DR. PARADKAR,CURRENT,,,,
,,,,,,
C-1011,BOMBAY FIBER INDUSTRIES PVT. LTD.,CURRENT,,,,
,,,,,,
C-1012,SHRI DATTAPRASAD SOCIETY PANCHPAKHADI THANE,CURRENT,,,,
,,,,,,
C-1013,"VIJAY PARK Vadavli S. No. 12/3, 14/4,5,7, 36/1,",CURRENT,,,,
,,,,,,
C-1014,"VR-JKIT , S.No. 86/1,2,3P,4P,5P,115/1P,2P,3P,4P,5P,6,7P,9P,116/1 TO 6, 117/1 TO 11 Pokharan No. 1 Panchpakhadi Thane",CURRENT,,,,
,,,,,,
C-1015,SARVESH CO-OP. HSG SOCIETY LTD (KOPARI),CURRENT,,,,
,,,,,,
C-1016,ASGAR SURME - Sr. No. 87 Kausa  Sheel Phate Thane,CURRENT,,,,
,,,,,,
C-1017,NEW TRUNPUSHPA CO-OP. HOUSING SOCIETY LTD.,CURRENT,,,,
,,,,,,
C-1018,NAROTTAM NAGAR - SUB PLOT B1,CURRENT,,,,
,,,,,,
C-1019,RAJ HOUSING - REVANKAR SR. NO. 36,CURRENT,,,,
,,,,,,
C- 1020,"OMKAR CHAVAN KOPARI (CHATRAPATI SOC., BHARAT MAHAL SOC., SAI NATH VIEW SOC., GURUNANAK SOC., ",CURRENT,CLOSED,,,
,,,,,,
C-1021,"DR. SHINDE (CHANDRAS SHETTY) S. No.80, Tika No.15, Bajiprabhu Deshpande Rd, Naupada, Thane.",CURRENT,,,,
,,,,,,
C-1022,"SANJAY PATEL (56,453,818)",CURRENT,,,,
,,,,,,
C-1023,HAWARE - PRESTIGE - MUTHWAL,CURRENT,,,,
,,,,,,
C- 1024,"RAJ HOUSING MALL PONDA SR. NO. 196/3, 196/4",CURRRENT,,,,
,,,,,,
C-1025,"RAJ HOUSING BORKAR & NOOR SR. NO. 180/1, 180/2",CURRENT,,,,
,,,,,,
C-1026,HOTEL FISHLAND RESTAURANT,CURRENT,,,,
,,,,,,
C-1027,SATYA PREMISES CO-OP SOCIETY LTD,CURRENT,,,,
,,,,,,
C-1028,GANESH TALKIES,CURRENT,,,,
,,,,,,
C-1029,ASHFORD DEVELOPERS (KARIA AMBERNATH),CURRENT,,,,
,,,,,,
C-1030,RAMKRISHNA JOSHI,CURRENT,,,,
,,,,,,
C-1031,JAQUELINE SOCIETY,CURRENT,,,,
,,,,,,
C-1032,AKASHDEEP CO-OP. HSG SOCIETY,CURRENT,,,,
,,,,,,
C-1033,GANESH NIWAS,CURRENT,,,,
,,,,,,
C-1034,"DEEPJYOTI CO-OP. HSG. SOC. VEER SAVARKAR ROAD  S.NO. 162/B, 162/C, 162/D",CURRENT,,,,
,,,,,,
C-1035(A),THARWANI  REALTY - MAJIWADE,CURRENT,,,,
C-1035(B),THARWANI  REALTORS - MANKOLI,CURRENT,,,,
,,,,,,
C-1036,"NIKHIL WAJE (T No. 21, CTS No.63,64. Gokhale Road, Thane.)",CURRENT,,,,
,,,,,,
C-1037,KEDAR BAPAT (SCHOOL RESERVATION),CURRENT,,,,
,,,,,,
C-1038,RAJSHILA CONSTRUCTION PVT. LTD.,CURRENT,,,,
,,,,,,
C-1039,GITE SAHEB BUNGLOW,CURRENT,,,,
,,,,,,
C-1040,ANANT NATH DEVELOPERS,CURRENT,,,,
,,,,,,
C - 1041,NEOSYM - INDIAN SMELTING,CURRENT,,,,
,,,,,,
C-1042,GURUNANAK SOCIETY,CURRENT,,,,
,,,,,,
C-1043,HOLY CROSS HIGH SCHOOL,CURRENT,,,,
,,,,,,
C-1044,KETAN SOCIETY,CURRENT,,,,
,,,,,,
C - 1045,ARJUN TOWER,CURRENT,,,,
,,,,,,
C - 1046,AMBERNATH MHADA,CURRENT,,,,
,,,,,,
C - 1047,VIJAYA DURGA (RUSHIKESH LAGHATE) FP NO. 210 PLOT NO. 13,CURRENT,,,,
,,,,,,
C-1048,THANE SUNDARAM CO-OP. HOUSING . SOCIETY. LTD.,CURRENT,,,,
,,,,,,
C-1049,AJAY SHARMA HOSPITAL,CURRENT,,,,
,,,,,,
C-1050,SHREE KRISHNA GOVIND PRASAD,CURRENT,,,,
,,,,,,
C-1051,EMPIRE WAYS CO-OP HSG SOCIETY,CURRENT,,,,
,,,,,,
C-1052,SAPTASHREE REALTY KOLSHET,CURRENT,,,,
,,,,,,
C-1053,"SAPTASHREE + MANISHA + RAYMOND (CTS. NO 10,11. T. NO. 16, THANE)",CURRENT,,,,
,,,,,,
C-1054,HAWARE MUTHVAL - S.NO. 1/6,CURRENT,,,,
,,,,,,
C-1055,"PRATIK NARVEKAR KHAREGAON, GUT NO. 31",CURRENT,,,,
,,,,,,
C-1056,"AMOL RASAL, PLOT NO. 19, C.T.S. NO. 28/8 T. NO. 21 NAUPADA THANE",CURRENT,,,,
,,,,,,
C-1057,GEETANJALI SOCIETY (DNYANESHWAR PAWAR),CURRENT,,,,
,,,,,,
C-1058,TATA POWER,CURRENT,,,,
,,,,,,
C-1059,SMT. NIRMALADEVI SARDARMAL JAIN,CURRENT,,,,
,,,,,,
TC - 1060,CLUSTER DEVELOPMENT SELL,CURRENT,,,,
,,,,,,
C-1061A,"ROHA REALTY PVT.LTD (HARSH TIBREWALA), F.P. No. 139 Panchpakhadi",CURRENT,,,,
,,,,,,
C- 1061B,"ROHA REALTY PVT.LTD (HARSH TIBREWALA), F.P. No. 140/C/1 Panchpakhadi",CURRENT,,,,
,,,,,,
C- 1062,TRANSIT CAMP - AMIZRA,CURRENT,,,,
,,,,,,
C- 1063,GOPAL SMRUTI CO-OP. HSG. SOCIETY,CURRENT,,,,
,,,,,,
C-1064,"DHANAJAY KULKARNI, DATTA NAGAR, PLOT NO. 6 PANCHPAKADI, THANE",CURRENT,,,,
,,,,,,
C-1065,REAL ROYAL CITY KHIDKALI                                                                REF:- MR. VINAYAK PANCHAL,CURRENT,,,,
,,,,,,
C-1066,"PRASHANT VAIDYA, TALAVALI , S.no. 18",CURRENT,,,,
,,,,,,
C-1067,"TERRAFORM MOGHARPADA, S.No. 41/41 & 41/42 ",CURRENT,,,,
,,,,,,
C-1068,PRANAY SONTAKKE,CURRENT,,,,
,,,,,,
C-1069,RAMCHANDRA  APTE,CURRENT,,,,
,,,,,,
C-1070,"SADICHHA SOCIETY - S.No. 117, TPS - 2 Chendani Thane (W)",CURRENT,,,,
,,,,,,
C-1071,"GROUND HOLDING MHATARDI  (Ref. : Sonthalia) S.NO. 89 Village - Mhatardi, Thane",CURRENT,,,,
,,,,,,
C-1072,"GROUND HOLDING , BHIWANDI.  46, H.No. 1,2,3P/2,3P/3 , S.No. 47, H.No. 1P, 1P/2, 1P/3, 1P/4, 3P/2, 5P/1, 5P/2 ,S.No. 58, H.No. 5P, H.No. 5P at village Bhadvad Village and S.No.121, 122, H.No. 1,128, H.No. 1",CURRENT,,,,
,,,,,,
C - 1073,"JUGAL BAUG , CTS NO. 371, 1373 TO 409 AT PANCHPAKHADI",CURRENT,,,,
,,,,,,
C-1074,SHIVNERI CO-OP. HSG. SOCIETY F.P. NO. 314 THANE,CURRENT,,,,
,,,,,,
C-1075,"THANE VIKAS CO-OP. HSG. SOCIETY , (KRUPANIDHI )",CURRENT,,,,
,,,,,,
C - 1076,"MURAR NIWAS, Grandroad, C.S.No. 2/1721",CURRENT,,,,
,,,,,,
C-1077,"RBI SOCIETY , NAUPADA",CURRENT,,,,
,,,,,,
C-1078,"MONICA SOCIETY, ",CURRENT,,,,
,,,,,,
C-1079,"DIVECHA COMPLEX, S.NO. 57//A, 85/B, 88,89,90 at Adalji Road, Thane.",CURRENT,,,,
,,,,,,
C-1080,"THE NAUPADA HIGHWAY CO-OP. HSG. SOCIETY, CTS. NO. 27/10, T.NO. 21 VILLAGE NAUPADA, THANE",CURRENT,,,,
,,,,,,
C-1081,"MANSI CHHAYA CO.OP. HSG. SOCIETY, CTS. NO. 18,19 & 20.",CURRENT,,,,
,,,,,,
C-1082,"AJINKYA BUILDING , MR. GOTAWADE ",CURRENT,,,,
,,,,,,
C- 1083,DR. SHRIKANT SHINDE BUNGLOW (RAHEJA),CURRENT,,,,
,,,,,,
C-1084,KAPLESHWARA BUILDERS & DEVELOPERS,,,File Returned on 17.12.21,,
,,,,,,
C-1085,DEVTIRTH SOCIETY CHITALSAR MANPADA,CURRENT,,,,
,,,,,,
C-1086,"INDIA HOUSE, CTS. NO. 28, TIKA NO. 11",CURRENT,,,,
,,,,,,
C-1087,"KANTILAL SHAH,  CTS NO. 46,47  Tika No. 4",CURRENT,,,,
,,,,,,
C-1088,"VIHANG MARINA S.NO. 49/1, 109/22, 109/19/A, 109/19/B, 109/19/C, 109/16/C, 109/11/D",CURRENT,,,,
,,,,,,
C-1089,DEVDAYA NAGAR PHASE II,CURRENT,,,,
,,,,,,
C-1090,NMM KAMGAR CO-OP. HSG. SOCIETY,CURRENT,,,,
,,,,,,
C-1091,RUNWAL AMENITY PLOT CULTURAL CENTER,CURREN,,,,
,,,,,,
C-1092,SHRI PRASAD TIRODKAR CTS NO. 53,CURRENT,,,,
,,,,,,
C-1093,ISPL MACHINE BUILDER LTD,CURRENT,,,,
,,,,,,
C-1094,ANANTNATH DEVELOPERS,CURRENT,,,,
,,,,,,
C-1095,"SUKH-DARSHAN CO-OP. HSG. SOCIETY LTD. S.NO. 194/5, DEVADAYA NAGAR, THANE",CURRENT,,,,
,,,,,,
C-1096,SECURITY & PERSONNEL SERVICES PVT. LTD (SPS KOLSHET) - SUKHI TRADERS PVT. LTD,CURRENT,,,,
,,,,,,
C-1097,MANGALMURTI CO-OP. HSG. SOCIETY,CURRENT,,,,
,,,,,,
C-1098,TATA CANCER HOSPITAL,CURRENT,,,,
,,,,,,
C-1099,"BHARAT MAHAL CHS. LTD., OPP. FIRE BRIGADE, KOPARI, THANE (E)",CURRENT,,,,
,,,,,,
C- 1100,"PHOOLRANI CO-OP. HSG. SOCIETY , CTS NO. -103/C, Naupada Thane",CURRENT,,,,
,,,,,,
C-1101,"VIJAY KULKARNI, Tika No. 36, T.P. No. 2 Kopari, Thane",CURRENT,,,,
,,,,,,
C-1102,"RAJDEEP SOCIETY, NAUPADA, THANE",,,,,
,,,,,,
C-1103,"ONE PARK AVENUE- PURVANKAR, GHODBUNDER ROAD, ",CURRENT,,,,
,,,,,,
C-1104,HILTON BUILDERS (VIJAY HAJARE)BHADVAD  BHIWANDI,CURRENT,,,,
,,,,,,
C-1105,VIJAY OROVIA,CURRENT,,,,
,,,,,,
C-1106,VIJAY PARK (ANTARIKSHA DHRUV),CURRENT,,,,
,,,,,,
C-1107,"ANANT ENTERPRISES, CTS NO. 214/B & 217/B, TIKA NO. 13 THANE",CURRENT,,,,
,,,,,,
C-1108,"BAKUL SOCIETY , Behind A.K. Joshi English Medium School)",CURRENT,,,,
,,,,,,
C-1109,NEW SONALI COMPLEX C.H.S. LTD.,CURRENT,,,,
,,,,,,
C-1110,NRB (NEEDLE ROLLER BEARING COMPANY),CURRENT,,,,
,,,,,,
C-1111,NAV SONALI SOCIETY,CURRENT,,,,
,,,,,,
C-1112,VIHANG VALLEY,CURRENT,,,,
,,,,,,
C-1113,DELTA SENERGY,CURRENT,,,,
,,,,,,
C-1114,SHAMPRAT MHATRE YEOOR,CURRENT,,,,
,,,,,,
C-1115,"SUNFLOWER TOWER - CTS NO. 41 & 42, T.NO.5, KHARKAR ALI, THANE  (MR. VYANKATESH KULKARNI)",CURRENT,,,,
,,,,,,
TC-1116,"MAHARASHTRA JEEVAN PRADHIKARAN (MJP)  ,(Division Office building and public parking)  NAVI MUMABI ",CURRENT,,,,
,,,,,,
C-1117,"NAVCHINTAMANI CO-OP. HSG. SOCIETY, CTS - 91/8, 109. THANE",CURRENT,,,,
,,,,,,
C-1118,"MAHAVIR MIST , CTS/SR. NO. 43/2B/3/4 THANE",CURRENT,,,,
,,,,,,
C-1119,HAWARE PROPERTIES 47/2 VADAVALI THANE,CURRENT,,,,
,,,,,,
C-1120,AURUM VENTURE CHITALSAR MANPADA,CURRENT,,,,
,,,,,,
C-1121,"SANDEEP PAWAR, TIKA NO. 14, CTS NO. 29 NAUPADA THANE",CURRENT,,,,
,,,,,,
C-1122,"VIHANG SCHOOL, 7/13/E & 7/19/A KASARWADAVLI, THANE",CURRENT,,,,
,,,,,,
C-1123,"DEVENDU CO-OP. HSG. SOCIETY, CTS. NO. 217/B KOPARI THANE WEST",CURRENT,,,,
,,,,,,
C-1124,"SHOBHA KAMBLI - GOLDEN PARK, S.NO. 36A/1, 36B/2(PT), 37A/1 PANCHPAKHADI",CURRENT,,,,
,,,,,,
C-1125,"NEW SWASTIK SOCIETY , CHARAI THANE",CURRENT,,,,
,,,,,,
C-1126,PANKAJ SULE - RANE,CURRENT,,,,
,,,,,,
C-1127,PARKING PLAZA KALYAN (TRUCK TERMINALS),CURRENT,,,,
,,,,,,
C-1128,HINDALCO (Indian Aluminium Company Ltd.),CURRENT,,,,
,,,,,,
C-1129,"ARJUNA PARK , Raghunath Nagar",CURRENT,,,,
,,,,,,
C-1130,SOLID CONTAINER -ESSEL GROUP VADAVALI KALYAN,CURRENT,,,,
,,,,,,
C-1131,NAV MAHARASHTRA HSG SOCIETY KOPARI,CURRENT,,,,
,,,,,,
C-1132,MAKARAND SOCIETY,CURRENT,,,,
,,,,,,
C-1133,"SHANTI NIKETAN, ",CURRENT,,,,
,,,,,,
C-1134,VIHANG HILLS,CURRENT,,,,
,,,,,,
C-1135,"DATAR AAKANSHA BUILDING, BRAHMAN SOCIETY ",CURRENT,,,,
,,,,,,
C-1136,VIHANG PLAZA GODREJ EMERAL,CURRENT,,,,
,,,,,,
C-1137,"MANOHAR PARK, TIKA NO. 12, CTS NO. 1/8 CHARAI THANE",CURRENT,,,,
,,,,,,
C-1138,"MADHU MANJIRI SOCIETY, T.P. NO. 2 C.T.S. NO. 103",CURRENT,,,,
,,,,,,
C-1139,"SACHIN PATIL - SABE, S.NO. 26. HISSA NO. 2",CURRENT,,,,
,,,,,,
C-1140,AVON CO-OP HSG SOCIETY,CURRENT,,,,
,,,,,,
C-1141,"MILIND MEERA, T.P. NO.1 F.P. NO. 330,331,332,333 THANE",CURRENT,,,,
,,,,,,
C-1142,"JAGANNATH TIWARI & OTHERS, BHAKTI MANDIR F.P.NO. 211 & 211A, PACHPAKHADI, THANE",CURRENT,,,,
,,,,,,
TC-1143,"GHOLAI SCHOOL, KALWA GUT. NO. 179, HISSA NO. 1 TO 4",CURRENT,,,,
,,,,,,
C-1144,RAICO - KOLSHET PLOT,CURRENT,,,,
,,,,,,
C-1145,"MAHAKRUPA CO-OP HSG SOCIETY C.T.S.NO. 31, TIKKA NO. 16, RAM MARUTI ROAD, NAUPADA",CURRENT,,,,
,,,,,,
C-1146,"CALPANA CO-OP HSG SOCIETY TIKKA NO. 16, C.T.S.NO. 37A/1/, NAUPADA, THANE.",CURRENT,,,,
,,,,,,
C-1147,"KALWA KRIDA SANKUL (BHOOMIPUTRA GROUND, KALWA",CURRENT,,,,
,,,,,,
C-1148,"POOJA VIHAR SOCIETY, RAM MARUTI ROAD, TIKKA NO. 16, C.T.S. NO. 25",CURRENT,,,,
,,,,,,
C-1149,"ROYAL DIVINE PROPERTIES PVT. LTD.                    ( SAMATA NAGAR , TARANGAN PLOT, & KORAS PLOT )AMENITY PLOT",CURRENT,,,,
,,,,,,
C-1150,"NUTAN KAMGAR CO-OP HSG SOCIETY, KALWA, S. NO. 91, 182, 183, 184, 185, 188, 189, 190, 191",CURRENT,,,,
,,,,,,
C-1151,"GAURINANDAN CHS LTD, PANCHPAKHADI, ALMEIDA  ROAD, THANE  F.P. NO. 365/A/1, T.P.S. NO. 1",CURRENT,,,,
,,,,,,
C-1152 (A),"SAINATH APARTMENT CHS LTD, MANISHA NAGAR, KALWA,  S. NO. 5, H. NO. 4 & 5(Pt)",CURRENT,,,,
C-1152 (B),"BHARTI CO-OP. HOUSING SOCIETY LTD.  MANISHA NAGAR, KALWA,",CURRENT,,,,
C-1152 (C ),"NANDRAJ CO-OP. HOUSING SOCIETY LTD. MANISHA NAGAR, KALWA",CURRENT,,,,
,,,,,,
C-1153,"OM SHIV CO-OP HSG SOCIETY, & SUKH SHEETAL CO-OP HSG SOCIETY, CHITALSAR MANPADA, THANE 
 S. NO. 15/1+2+3",CURRENT,,,,
,,,,,,
C-1154,"M/S. CHAUGULE & CO MAJIWADE, THANE ",CURRENT,,,,
,,,,,,
C-1155,"MALKANS CO-OP HSG SOCIETY, TIKKA NO. 12, CHARAI THANE ",CURRENT,,,,
,,,,,,
C-1156,"AASAWARI SOCIETY(POOJA SOCIETY), CTS NO. 103A TP2  NAUPADA THANE ",CURRENT,,,,
,,,,,,
C - 1157,MEHTA GROUP - PARSIK,CURRENT,,,,
,,,,,,
C-1158,"PANCHAMRUT CO-OPERATIVE HOUSING SOCIETY LTD. KAVESAR, G.B. ROAD, KASAR VADAVALI, P.O. THANE (W) ",CURRENT,,,,
,,,,,,
C - 1159,"VIHANG GARDEN - PALM CLUB -Final Plot No. 1 & TPS No. 1 of village Panchpakhadi, Tal. & Dist. Thane",CURRENT,,,,
,,,,,,
C-1160,"GAGANGIRI AVENUE CO-OPERATIVE HOUSING SOCIETY LTD. SAMTA NAGAR, THANE ",CURRENT,,,,
,,,,,,
C-1161,SANKALP NAGAR CO-OPERATIVE HOUSING SOCIETY LTD. KALWA,CURRENT,,,,
,,,,,,
C-1162,"KOLUNGADE CO-OP.HSG.SOCIETY, KOLBAD THANE",CURRENT,,,,
,,,,,,
C-1163,"RUNWAL KONE GOVE, BHIWANDI",CURRENT,,,,
,,,,,,
C - 1164,MR. AVASARMOL - YEOOR,CURRENT,,,,
,,,,,,
C-1165,"MEGHDOOT SOCIETY, KOPARI THANE",CURRENT,,,,
,,,,,,
C-1166,RUNWAL NAGAR CO-OP. HSG.SOCIETY LTD. PLOT A KOLBAD,CURRENT,,,,
,,,,,,
C-1167,AAMRAI - DATAR - ARVIND SOCIETY,CURRENT,,,,
,,,,,,
C-1168,ASHTAGANDHA CO-OP. HSG. SOCIETY,CURRENT,,,,
,,,,,,
C-1169,"GANGA, YAMUNA ,SARASWATI",CURRENT,,,,
,,,,,,
C-1170,SHREE SAIDHAM CO.OP.HSG. SOCIETY LTD.,CURRENT,,,,
,,,,,,
C-1171,KAILASH PARK CO-OP. HOUSING SOCIETY LTD,CURRENT,,,,
,,,,,,
C-1172,"SAI APARTMENT, CTS, NO 116, S.NO. 74(P)",CURRENT,,,,
,,,,,,
C-1173,PHOENIX MILLS,CURRENT,,,,
,,,,,,
C-1174,DEEP-ANAND CO-OP. HOUSING SOCIETY LTD.,CURRENT,,,,
,,,,,,
C-1175,"SHARDA SOCIETY,  CTS. NO. 2668,KALWA THANE",CURRENT,,,,
,,,,,,
C-1176,DR. AMIT KARKHANIS (SUSHRUT SOCIETY),CURRENT,,,,
,,,,,,
TC-1177,MULTIPURPOSE HALL -TMC,CURRENT,,,,
,,,,,,
C-1178,DEVDAYA SOCIETY - PANCHPAKHADI (SHARDUL PAWAR,CURRENT,,,,
,,,,,,
C-1179,VARTAK NAGAR SHIVSAHYADRI SOCIETY BLDG NO.49,CURREN,,,,
,,,,,,
C-1180,"MAJIWADE GAGANGIRI CO-OP. HSG. SOCIETY, MAJIWADE",CURRENT,,,,
,,,,,,
C-1181,VIHANG RESERVATION,CURRENT,,,,
,,,,,,
C-1182,"VARTAK NAGAR SAHAYOG CO-OP. HSG SOCIETY, BLDG. NO. 48",CURRENT,,,,
,,,,,,
C-1183,MANGAL MURTI DARSHAN CO-OP. HSG. SOCIETY,CURRENT,,,,
,,,,,,
C-1184,SUJATA INDUSTRIAL PREMISES,CURRENT,,,,
,,,,,,
C-1185,PRATAP TOWER CO-OP. HOUSING SOCIETY LTD,CURRENT,,,,
,,,,,,
C-1186,"SAINATH CO-OP. HSG SOCIETY, S.No. 34, Village Boriwade, Ghodbunder Road, Thane (W)",CURRENT,,,,
,,,,,,
C-1187,BRAMHAND PHASE III,CURRENT,,,,
,,,,,,
C-1188,MOGRA CO-OP. HSG. SOCIETY,CURRENT,,,,
,,,,,,
C - 1189,"RAGHUVIR SOCIETY, CHENDANI THANE",CURRENT,,,,
,,,,,,
C-1190,MIH VILLAS (MR. PANKAN MESTRY IGATPURI),CURRENT,,,,
,,,,,,
C-1191,MADHAV CO-OP. HSG. SOCIETY,CURRENT,,,,
,,,,,,
C-1192,PRADNYA CO-OP. HSG.  SOCIETY,CURRENT,,,,
,,,,,,
C-1193,SATYA-ANAND CO-OP. HSG. SOCIETY,CURRENT,,,,
,,,,,,
C-1194,MILIND PATIL (SCHOOL RESERVATION)- S. NO. 1329 & 1330,CURRENT,,,,
,,,,,,
C - 1195,"EKALIFE - ANUDAN - F.P.NO. 469, PANCHPAKHADI, THANE",CURRENT,,,,
,,,,,,
C - 1196,MOHINI DEVELOPERS - SONALE/ BHIWANDI,CURRENT,,,,
,,,,,,
C-1197,VIDYA SOCIETY - DNYANESHWAR PAWAR,CURRENT,,,,
,,,,,,
C-1198,"EKALIFE - KASHELI, BHIWANDI THANE",CURRENT,,,,
,,,,,,
C-1199,SADHANA VILLA CO-OP. HOUSING SOCIETY,CURRENT,,,,
,,,,,,
C-1200,SULABHA APARTMENT CO-OP. HSG. SOCIETY,CURRENT,,,,
,,,,,,
C-1201,"ANUSAYA AND SHANKAR SADAN,  CHARAI",CURRENT,,,,
,,,,,,
C-1202,R.C. TIPNIS - DAPOLI,CURRENT,,,,
,,,,,,
C-1203,SOMESHWAR CO-OP HOUSING SOCIETY,CURRENT,,,,
,,,,,,
C-1204,PARESH CO-OP HOUSING SOCIETY,CURRENT,,,,
,,,,,,
C-1205,BOTANIUM - BHAYANDERPADA,CURRENT,,,,
,,,,,,
C-1206,GALAXY - AMIT DATAR,CURRENT,,,,
,,,,,,
C-1207,HINDUSTAN PENCIL,CURRENT,,,,
,,,,,,
C - 1208,AKSHAR - ALLANA INDUSTRIES,CURRENT,,,,
,,,,,,
C-1209,SAHYADRI CO-OP.HSG. SOCIETY -VEER SAVARKAR SOCIETY,CURRENT,,,,
,,,,,,
C-1210,"VESAVKAR PLOT, SR. NO. 92/5, 92/6, AT BHAINDERPADA, THANE",CURRENT,,,,
,,,,,,
C-1211,"VALLEY TOWER, GUT NO. 60/2, BUILDING NO. B1,B2,E1,E2, BUILDING -A, C1,C2,C3,C4",CURRENT,,,,
,,,,,,
C-1212,SANDEEP PAWAR - KAKOLE,CURRENT,,,,
,,,,,,
C-1213,"MILIND PATIL - P.G. RERSERVATION CTS. NO. 1326, KALWA , THANE",CURRENT,,,,
,,,,,,
C-1214,"SIYARA HOMES- SHAKTI GROUP, S.No.1/39,40,42,43,45/9,47,53/A,7/1,2/A,2/B,2/C,3/A,3/B,7/B,4,68/1,2,3,4,5,6,7,8/A,8/B,8/C,9,10/A,10/B,10/C,11,14
at village",CURRENT,,,,
,,,,,,
C-1215,HAWARE MUTHAWAL S.NO. 2/1,CURRENT,,,,
,,,,,,
C-1216,SACHIN DESHMUKH - NEPTUNE,CURRENT,,,,
,,,,,,
C-1217,"PITAMBAR VILLA CO-OP. HOUSING SOCIETY LTD., KOLBAD ROAD, THANE (W)",CURRENT,,,,
,,,,,,
C-1218,"SUKIRTI CO-OP. HOUSING SOCIETY LTD. SAMATA NAGAR NO.2, OPP. J.K. GRAM, POKHRAN ROAD NO.1, THANE (W) - 400 606",CURRENT,,,,
,,,,,,
C-1219,"HIMDHARA CO-OP. HSG SOCIETY, WAGLE ESTATE THANE",CURRENT,,,,
,,,,,,
C-1220,"PITAMBARI CO-OP. HSG. SOCIETY, SR. NO.  4(PT),  CHENDANI, THANE (E )",CURRENT,,,,
,,,,,,
C-1221,"JEWESH CYMETRE - REF. MANOSH DESHPANDE, SR. NO. 22, TIKA NO. 22 (P)",CURRENT,,,,
,,,,,,
C-1222,EKALIFE - DUE DILIGENCE - KASHELI,CURRENT,,,,
,,,,,,
C - 1223,"THANE R.T.O. F.P. NO. 136A, PANCHPAKHADI THANE",,,,,
,,,,,,
C-1224,"VRIDAVAN SOCIEY, THANE",CURRENT,,,,
,,,,,,
C-1225,"KINARE, F.P.NO. 248(PT) PANCHAPAKHADI",CURRENT,,,,
,,,,,,
C-1226,GREEN ACRES PHASE II & III,CURRENT,,,,
,,,,,,
C-1227,RAJU NIMKAR,CURRENT,,,,
,,,,,,
C-1228,HINDU SEVA SANGH,CURRENT,,,,
,,,,,,
C-1229,"CHANDRANIL SOCIETY , TIKA NO.20, BHASKAR COLONY,  THANE (W)",CURRENT,,,,
,,,,,,
C-1230,MAULI CO-OP HSG SOCIETY,CURRENT,,,,
,,,,,,
C-1231,"SURACHIT ARHAT CO-OP. HSG. SOCIETY, Gadkari Rangayatan ",CURRENT,,,,
,,,,,,
C-1232,"HIGHWAY ASHIRWAD PANCHPAKHADI, F.P. 500",CURRENT,,,,
,,,,,,
C-1233,"AKANSHA CO-OP. HSG. SOCIETY - PANCHPAKHADI, THANE",CURRENT,,,,